,employee_length,years_credit,zip,quartile,purpose,rate,count
522,5,0,3,0.0,debt_consolidation,0.23076923076923078,299
523,5,0,3,46000.0,debt_consolidation,0.22872340425531915,188
570,5,10,5,0.0,debt_consolidation,0.2215568862275449,167
101,0,15,1,0.0,debt_consolidation,0.21973094170403587,223
423,1,15,9,46000.0,other,0.21804511278195488,133
518,5,0,1,46000.0,debt_consolidation,0.21768707482993196,147
67,0,10,5,46000.0,debt_consolidation,0.21705426356589147,129
96,0,15,0,0.0,debt_consolidation,0.21379310344827587,145
565,5,10,4,0.0,debt_consolidation,0.20654911838790932,397
594,5,10,9,0.0,other,0.20610687022900764,131
224,1,0,3,0.0,other,0.20526315789473684,190
587,5,10,8,0.0,debt_consolidation,0.20353982300884957,339
785,9,10,6,0.0,debt_consolidation,0.20307692307692307,325
82,0,10,8,0.0,debt_consolidation,0.20103092783505155,388
61,0,10,4,0.0,debt_consolidation,0.20048309178743962,414
866,9,15,3,91690.5,other,0.2,105
171,0,20,3,46000.0,debt_consolidation,0.2,290
748,9,10,1,46000.0,debt_consolidation,0.19969512195121952,656
23,0,0,8,0.0,debt_consolidation,0.19873817034700317,317
597,5,10,9,46000.0,other,0.1984732824427481,131
541,5,10,1,0.0,debt_consolidation,0.19811320754716982,424
245,1,0,8,65000.0,debt_consolidation,0.19626168224299065,107
637,5,15,5,0.0,debt_consolidation,0.19548872180451127,133
219,1,0,2,0.0,other,0.1941747572815534,103
9,0,0,2,0.0,debt_consolidation,0.19333333333333333,300
735,9,0,3,0.0,debt_consolidation,0.19327731092436976,119
214,1,0,1,46000.0,debt_consolidation,0.19230769230769232,416
140,0,15,8,0.0,debt_consolidation,0.1921182266009852,203
726,5,20,9,0.0,credit_card,0.192,125
115,0,15,3,0.0,debt_consolidation,0.19130434782608696,345
382,1,15,4,0.0,debt_consolidation,0.19111111111111112,450
124,0,15,4,46000.0,debt_consolidation,0.19047619047619047,189
528,5,0,8,0.0,debt_consolidation,0.1891891891891892,148
18,0,0,6,0.0,debt_consolidation,0.1890547263681592,201
532,5,0,9,65000.0,debt_consolidation,0.18867924528301888,159
169,0,20,3,0.0,debt_consolidation,0.18861209964412812,281
227,1,0,3,65000.0,debt_consolidation,0.18857142857142858,175
335,1,10,8,91690.5,debt_consolidation,0.18840579710144928,276
158,0,20,1,46000.0,debt_consolidation,0.18811881188118812,202
911,9,15,9,0.0,debt_consolidation,0.18788819875776397,644
809,9,10,9,46000.0,other,0.1875,192
276,1,10,2,0.0,other,0.18691588785046728,107
220,1,0,2,46000.0,debt_consolidation,0.1862348178137652,247
862,9,15,3,65000.0,other,0.18518518518518517,108
21,0,0,7,46000.0,debt_consolidation,0.18497109826589594,173
432,1,20,0,0.0,debt_consolidation,0.18473895582329317,249
16,0,0,4,0.0,debt_consolidation,0.18461538461538463,260
25,0,0,9,0.0,debt_consolidation,0.18424753867791843,711
66,0,10,5,0.0,debt_consolidation,0.1837837837837838,185
141,0,15,8,46000.0,debt_consolidation,0.1836734693877551,196
250,1,0,9,46000.0,debt_consolidation,0.1833648393194707,529
108,0,15,2,0.0,debt_consolidation,0.18324607329842932,191
763,9,10,3,0.0,debt_consolidation,0.1829971181556196,694
194,0,20,8,65000.0,debt_consolidation,0.18292682926829268,164
326,1,10,7,91690.5,home_improvement,0.18269230769230768,104
543,5,10,1,46000.0,debt_consolidation,0.18255578093306288,493
86,0,10,8,91690.5,debt_consolidation,0.18243243243243243,148
176,0,20,4,0.0,debt_consolidation,0.18232044198895028,181
285,1,10,3,0.0,other,0.18226600985221675,203
535,5,10,0,46000.0,credit_card,0.18181818181818182,143
85,0,10,8,65000.0,debt_consolidation,0.18181818181818182,209
457,1,20,3,0.0,debt_consolidation,0.18165467625899281,556
251,1,0,9,46000.0,other,0.1810344827586207,116
953,9,20,2,46000.0,other,0.18095238095238095,105
32,0,10,0,0.0,debt_consolidation,0.18081180811808117,271
586,5,10,7,91690.5,debt_consolidation,0.1807909604519774,354
737,9,0,9,46000.0,debt_consolidation,0.18018018018018017,111
240,1,0,7,65000.0,debt_consolidation,0.18009478672985782,211
549,5,10,2,0.0,debt_consolidation,0.17980295566502463,406
751,9,10,1,65000.0,debt_consolidation,0.1797752808988764,623
137,0,15,7,65000.0,debt_consolidation,0.17785234899328858,298
609,5,15,1,0.0,debt_consolidation,0.17770034843205576,287
12,0,0,3,0.0,debt_consolidation,0.17671517671517672,481
414,1,15,8,46000.0,debt_consolidation,0.17647058823529413,408
244,1,0,8,46000.0,debt_consolidation,0.17647058823529413,204
753,9,10,1,91690.5,debt_consolidation,0.176056338028169,426
226,1,0,3,46000.0,debt_consolidation,0.17587939698492464,398
223,1,0,3,0.0,debt_consolidation,0.17584994138335286,853
253,1,0,9,65000.0,debt_consolidation,0.17582417582417584,273
264,1,10,1,0.0,credit_card,0.175,360
46,0,10,2,0.0,debt_consolidation,0.1745152354570637,361
211,1,0,1,0.0,debt_consolidation,0.1742671009771987,614
401,1,15,7,0.0,credit_card,0.17391304347826086,161
231,1,0,5,0.0,debt_consolidation,0.17391304347826086,184
394,1,15,6,0.0,debt_consolidation,0.17346938775510204,294
325,1,10,7,91690.5,debt_consolidation,0.1734375,640
58,0,10,3,65000.0,debt_consolidation,0.17328519855595667,277
275,1,10,2,0.0,debt_consolidation,0.17304747320061256,653
708,5,20,6,46000.0,debt_consolidation,0.17258883248730963,197
564,5,10,4,0.0,credit_card,0.1724137931034483,145
736,9,0,9,0.0,debt_consolidation,0.1724137931034483,116
531,5,0,9,46000.0,debt_consolidation,0.172,250
7,0,0,1,46000.0,debt_consolidation,0.171875,192
440,1,20,1,0.0,debt_consolidation,0.171875,320
584,5,10,7,65000.0,debt_consolidation,0.17176470588235293,425
84,0,10,8,46000.0,debt_consolidation,0.1715210355987055,309
559,5,10,3,46000.0,debt_consolidation,0.17099236641221374,655
853,9,15,3,0.0,debt_consolidation,0.170767004341534,691
688,5,20,3,0.0,debt_consolidation,0.17073170731707318,369
127,0,15,5,0.0,debt_consolidation,0.17073170731707318,123
384,1,15,4,46000.0,debt_consolidation,0.17073170731707318,451
193,0,20,8,46000.0,debt_consolidation,0.17045454545454544,176
759,9,10,2,65000.0,debt_consolidation,0.17032967032967034,546
784,9,10,6,0.0,credit_card,0.1702127659574468,141
265,1,10,1,0.0,debt_consolidation,0.16996047430830039,759
341,1,10,9,46000.0,other,0.16990291262135923,206
589,5,10,8,46000.0,debt_consolidation,0.16966580976863754,389
646,5,15,7,0.0,debt_consolidation,0.16923076923076924,260
413,1,15,8,46000.0,credit_card,0.16911764705882354,136
233,1,0,6,0.0,debt_consolidation,0.16875,320
247,1,0,9,0.0,debt_consolidation,0.1687170474516696,1138
74,0,10,7,0.0,debt_consolidation,0.1687041564792176,409
497,1,20,8,0.0,debt_consolidation,0.16838487972508592,291
380,1,15,3,91690.5,home_improvement,0.16831683168316833,101
722,5,20,8,46000.0,debt_consolidation,0.16818181818181818,220
234,1,0,6,46000.0,debt_consolidation,0.1676300578034682,173
236,1,0,7,0.0,debt_consolidation,0.16695957820738136,569
185,0,20,7,0.0,debt_consolidation,0.16666666666666666,186
13,0,0,3,0.0,other,0.16666666666666666,120
293,1,10,3,91690.5,home_improvement,0.16666666666666666,102
390,1,15,5,46000.0,debt_consolidation,0.16666666666666666,228
519,5,0,2,0.0,debt_consolidation,0.16666666666666666,144
163,0,20,2,0.0,debt_consolidation,0.16666666666666666,168
317,1,10,7,0.0,debt_consolidation,0.16666666666666666,648
582,5,10,7,46000.0,debt_consolidation,0.1657142857142857,525
602,5,15,0,0.0,debt_consolidation,0.16568047337278108,169
520,5,0,2,46000.0,debt_consolidation,0.16546762589928057,139
545,5,10,1,65000.0,debt_consolidation,0.1654320987654321,405
524,5,0,4,0.0,debt_consolidation,0.1652892561983471,121
687,5,20,3,0.0,credit_card,0.16521739130434782,115
119,0,15,3,65000.0,debt_consolidation,0.16470588235294117,255
80,0,10,7,91690.5,debt_consolidation,0.16470588235294117,255
778,9,10,4,65000.0,debt_consolidation,0.16458333333333333,480
271,1,10,1,65000.0,debt_consolidation,0.1644295302013423,596
344,1,10,9,65000.0,other,0.16417910447761194,134
755,9,10,2,0.0,debt_consolidation,0.16414141414141414,396
754,9,10,2,0.0,credit_card,0.1640625,128
781,9,10,5,0.0,debt_consolidation,0.164021164021164,189
695,5,20,4,0.0,debt_consolidation,0.16379310344827586,232
349,1,15,0,0.0,debt_consolidation,0.16356877323420074,269
758,9,10,2,65000.0,credit_card,0.16352201257861634,159
515,5,0,0,46000.0,debt_consolidation,0.16346153846153846,104
669,5,20,0,46000.0,debt_consolidation,0.16342412451361868,257
551,5,10,2,46000.0,debt_consolidation,0.16339869281045752,459
746,9,10,1,0.0,debt_consolidation,0.1630901287553648,466
448,1,20,2,0.0,credit_card,0.16296296296296298,135
526,5,0,7,0.0,debt_consolidation,0.16279069767441862,172
817,9,10,9,91690.5,other,0.16260162601626016,123
180,0,20,6,0.0,debt_consolidation,0.1623931623931624,117
53,0,10,3,0.0,debt_consolidation,0.1622464898595944,641
770,9,10,3,65000.0,debt_consolidation,0.16219839142091153,746
54,0,10,3,0.0,other,0.16216216216216217,111
269,1,10,1,46000.0,other,0.16216216216216217,148
329,1,10,8,0.0,other,0.1619047619047619,105
299,1,10,4,65000.0,debt_consolidation,0.16172506738544473,371
20,0,0,7,0.0,debt_consolidation,0.16139240506329114,316
915,9,15,9,46000.0,other,0.16111111111111112,180
402,1,15,7,0.0,debt_consolidation,0.16111111111111112,360
525,5,0,6,0.0,debt_consolidation,0.16071428571428573,112
780,9,10,4,91690.5,debt_consolidation,0.1602787456445993,287
177,0,20,4,46000.0,debt_consolidation,0.16022099447513813,181
229,1,0,4,0.0,debt_consolidation,0.15990453460620524,419
243,1,0,8,0.0,debt_consolidation,0.15982721382289417,463
268,1,10,1,46000.0,debt_consolidation,0.15963511972633979,877
38,0,10,1,0.0,debt_consolidation,0.15945330296127563,439
228,1,0,4,0.0,credit_card,0.15934065934065933,182
266,1,10,1,0.0,other,0.1592356687898089,157
774,9,10,4,0.0,debt_consolidation,0.15913200723327306,553
406,1,15,7,65000.0,debt_consolidation,0.15878378378378377,592
157,0,20,1,0.0,debt_consolidation,0.15873015873015872,189
749,9,10,1,46000.0,other,0.15873015873015872,126
200,0,20,9,46000.0,debt_consolidation,0.15873015873015872,315
89,0,10,9,0.0,other,0.15862068965517243,145
757,9,10,2,46000.0,debt_consolidation,0.15805946791862285,639
181,0,20,6,46000.0,debt_consolidation,0.15789473684210525,114
706,5,20,6,0.0,debt_consolidation,0.15789473684210525,152
75,0,10,7,46000.0,credit_card,0.15789473684210525,152
40,0,10,1,46000.0,debt_consolidation,0.15776081424936386,393
868,9,15,4,0.0,debt_consolidation,0.15770609318996415,558
747,9,10,1,46000.0,credit_card,0.15767634854771784,241
14,0,0,3,46000.0,debt_consolidation,0.15763546798029557,203
19,0,0,7,0.0,credit_card,0.15748031496062992,127
323,1,10,7,65000.0,debt_consolidation,0.15728715728715728,693
806,9,10,9,0.0,other,0.15714285714285714,140
893,9,15,7,46000.0,debt_consolidation,0.15676359039190899,791
530,5,0,9,0.0,debt_consolidation,0.15656565656565657,396
63,0,10,4,46000.0,debt_consolidation,0.15648854961832062,262
834,9,15,1,65000.0,debt_consolidation,0.1564844587352626,933
596,5,10,9,46000.0,debt_consolidation,0.15632183908045977,870
212,1,0,1,0.0,other,0.15625,192
337,1,10,9,0.0,debt_consolidation,0.15622521808088818,1261
91,0,10,9,46000.0,debt_consolidation,0.15601783060921248,673
776,9,10,4,46000.0,debt_consolidation,0.15600624024961,641
328,1,10,8,0.0,debt_consolidation,0.1558872305140962,603
59,0,10,3,91690.5,debt_consolidation,0.15566037735849056,212
891,9,15,7,0.0,debt_consolidation,0.15550239234449761,418
50,0,10,2,65000.0,debt_consolidation,0.1553784860557769,251
831,9,15,1,46000.0,debt_consolidation,0.15532879818594103,882
704,5,20,5,65000.0,debt_consolidation,0.15517241379310345,116
828,9,15,1,0.0,debt_consolidation,0.15513626834381553,477
540,5,10,1,0.0,credit_card,0.15492957746478872,213
26,0,0,9,0.0,other,0.15476190476190477,168
3,0,0,1,0.0,credit_card,0.15463917525773196,194
78,0,10,7,65000.0,debt_consolidation,0.15463917525773196,291
76,0,10,7,46000.0,debt_consolidation,0.15458937198067632,414
71,0,10,6,46000.0,debt_consolidation,0.15454545454545454,220
340,1,10,9,46000.0,debt_consolidation,0.1545236188951161,1249
593,5,10,9,0.0,debt_consolidation,0.1544943820224719,712
17,0,0,5,0.0,debt_consolidation,0.15447154471544716,123
209,1,0,0,65000.0,debt_consolidation,0.15447154471544716,123
404,1,15,7,46000.0,debt_consolidation,0.15445544554455445,505
373,1,15,3,0.0,debt_consolidation,0.1544461778471139,641
284,1,10,3,0.0,debt_consolidation,0.1536544850498339,1204
160,0,20,1,65000.0,debt_consolidation,0.15350877192982457,228
10,0,0,2,46000.0,debt_consolidation,0.1532258064516129,124
488,1,20,7,0.0,debt_consolidation,0.1531791907514451,346
517,5,0,1,0.0,debt_consolidation,0.15306122448979592,196
333,1,10,8,65000.0,debt_consolidation,0.15306122448979592,392
574,5,10,6,0.0,debt_consolidation,0.1527777777777778,288
430,1,15,9,91690.5,other,0.1527777777777778,144
729,5,20,9,46000.0,debt_consolidation,0.15271966527196654,478
900,9,15,7,91690.5,home_improvement,0.15267175572519084,131
801,9,10,8,46000.0,debt_consolidation,0.15258215962441316,426
660,5,15,9,0.0,debt_consolidation,0.15254237288135594,413
149,0,15,9,65000.0,debt_consolidation,0.1525,400
426,1,15,9,65000.0,other,0.1523809523809524,105
717,5,20,7,65000.0,debt_consolidation,0.1523545706371191,361
742,9,10,0,65000.0,debt_consolidation,0.1522198731501057,473
467,1,20,4,0.0,debt_consolidation,0.15217391304347827,368
661,5,15,9,46000.0,credit_card,0.15207373271889402,217
208,1,0,0,46000.0,debt_consolidation,0.152,250
548,5,10,2,0.0,credit_card,0.152,125
607,5,15,0,91690.5,debt_consolidation,0.15172413793103448,290
799,9,10,8,0.0,debt_consolidation,0.15161290322580645,310
128,0,15,6,0.0,debt_consolidation,0.15151515151515152,165
567,5,10,4,46000.0,debt_consolidation,0.1513647642679901,403
553,5,10,2,65000.0,debt_consolidation,0.15135135135135136,370
121,0,15,3,91690.5,debt_consolidation,0.15129151291512916,271
297,1,10,4,46000.0,debt_consolidation,0.15112540192926044,622
102,0,15,1,46000.0,credit_card,0.1509433962264151,106
365,1,15,2,0.0,debt_consolidation,0.15085158150851583,411
750,9,10,1,65000.0,credit_card,0.1507537688442211,199
327,1,10,8,0.0,credit_card,0.1506849315068493,219
60,0,10,4,0.0,credit_card,0.15060240963855423,166
475,1,20,5,46000.0,debt_consolidation,0.15060240963855423,166
894,9,15,7,46000.0,other,0.1504424778761062,113
777,9,10,4,65000.0,credit_card,0.15037593984962405,133
910,9,15,9,0.0,credit_card,0.15025906735751296,193
872,9,15,4,65000.0,debt_consolidation,0.150066401062417,753
832,9,15,1,46000.0,other,0.15,120
811,9,10,9,65000.0,debt_consolidation,0.14995224450811842,1047
192,0,20,8,0.0,debt_consolidation,0.1497326203208556,187
648,5,15,7,46000.0,debt_consolidation,0.14962593516209477,401
48,0,10,2,46000.0,debt_consolidation,0.14960629921259844,381
73,0,10,7,0.0,credit_card,0.14942528735632185,174
199,0,20,9,46000.0,credit_card,0.14925373134328357,134
702,5,20,5,0.0,debt_consolidation,0.14912280701754385,114
1028,9,20,9,0.0,debt_consolidation,0.14909638554216867,664
367,1,15,2,46000.0,debt_consolidation,0.1490566037735849,530
451,1,20,2,46000.0,debt_consolidation,0.14898989898989898,396
796,9,10,7,65000.0,debt_consolidation,0.14886164623467601,571
913,9,15,9,46000.0,credit_card,0.14878048780487804,410
792,9,10,7,0.0,debt_consolidation,0.14868804664723032,343
529,5,0,9,0.0,credit_card,0.14864864864864866,148
766,9,10,3,46000.0,debt_consolidation,0.14863387978142076,915
580,5,10,7,0.0,debt_consolidation,0.1486146095717884,397
442,1,20,1,46000.0,debt_consolidation,0.14853556485355648,478
51,0,10,2,91690.5,debt_consolidation,0.14814814814814814,216
88,0,10,9,0.0,debt_consolidation,0.1480484522207268,743
842,9,15,2,0.0,debt_consolidation,0.14791666666666667,480
318,1,10,7,0.0,other,0.14782608695652175,115
398,1,15,6,65000.0,debt_consolidation,0.14779874213836477,318
357,1,15,1,0.0,debt_consolidation,0.14772727272727273,440
412,1,15,8,0.0,debt_consolidation,0.14754098360655737,366
808,9,10,9,46000.0,debt_consolidation,0.1475095785440613,1044
623,5,15,3,0.0,credit_card,0.14743589743589744,156
839,9,15,1,91690.5,home_improvement,0.14743589743589744,156
829,9,15,1,0.0,other,0.14705882352941177,102
410,1,15,7,91690.5,other,0.14705882352941177,102
827,9,15,1,0.0,credit_card,0.14691943127962084,211
715,5,20,7,46000.0,debt_consolidation,0.14652956298200515,389
556,5,10,3,0.0,debt_consolidation,0.1464968152866242,628
103,0,15,1,46000.0,debt_consolidation,0.14644351464435146,239
611,5,15,1,46000.0,debt_consolidation,0.1462882096069869,458
794,9,10,7,46000.0,debt_consolidation,0.14614121510673234,609
761,9,10,2,91690.5,debt_consolidation,0.14596949891067537,459
798,9,10,7,91690.5,debt_consolidation,0.1459227467811159,466
836,9,15,1,65000.0,other,0.14583333333333334,144
239,1,0,7,46000.0,debt_consolidation,0.14583333333333334,336
343,1,10,9,65000.0,debt_consolidation,0.1458106637649619,919
495,1,20,7,91690.5,home_improvement,0.14545454545454545,110
147,0,15,9,46000.0,debt_consolidation,0.14532019704433496,406
768,9,10,3,46000.0,other,0.1452991452991453,117
449,1,20,2,0.0,debt_consolidation,0.14506172839506173,324
802,9,10,8,65000.0,debt_consolidation,0.145,400
122,0,15,4,0.0,debt_consolidation,0.14479638009049775,221
278,1,10,2,46000.0,debt_consolidation,0.1447562776957164,677
577,5,10,6,65000.0,debt_consolidation,0.14468085106382977,235
331,1,10,8,46000.0,debt_consolidation,0.14462081128747795,567
117,0,15,3,46000.0,debt_consolidation,0.14454277286135694,339
222,1,0,3,0.0,credit_card,0.14447592067988668,353
745,9,10,1,0.0,credit_card,0.14444444444444443,180
216,1,0,1,65000.0,debt_consolidation,0.1443850267379679,187
870,9,15,4,46000.0,debt_consolidation,0.1443661971830986,852
338,1,10,9,0.0,other,0.1440677966101695,236
197,0,20,9,0.0,credit_card,0.1440677966101695,118
320,1,10,7,46000.0,debt_consolidation,0.14403778040141677,847
568,5,10,4,65000.0,debt_consolidation,0.144,250
971,9,20,3,65000.0,other,0.14383561643835616,146
411,1,15,8,0.0,credit_card,0.14285714285714285,119
81,0,10,8,0.0,credit_card,0.14285714285714285,168
772,9,10,3,91690.5,debt_consolidation,0.14285714285714285,441
213,1,0,1,46000.0,credit_card,0.14215686274509803,204
273,1,10,1,91690.5,debt_consolidation,0.14214463840399003,401
678,5,20,1,65000.0,debt_consolidation,0.14206128133704735,359
56,0,10,3,46000.0,debt_consolidation,0.14189189189189189,444
319,1,10,7,46000.0,credit_card,0.14186851211072665,289
740,9,10,0,46000.0,debt_consolidation,0.14173228346456693,508
206,1,0,0,0.0,debt_consolidation,0.14153132250580047,431
572,5,10,5,46000.0,debt_consolidation,0.1411764705882353,170
287,1,10,3,46000.0,debt_consolidation,0.14078674948240166,966
290,1,10,3,65000.0,debt_consolidation,0.140625,640
492,1,20,7,65000.0,debt_consolidation,0.140625,576
936,9,20,1,0.0,debt_consolidation,0.14056224899598393,498
738,9,10,0,0.0,debt_consolidation,0.14052287581699346,306
603,5,15,0,46000.0,debt_consolidation,0.1404109589041096,292
626,5,15,3,46000.0,debt_consolidation,0.14022140221402213,542
420,1,15,9,0.0,debt_consolidation,0.14013840830449828,578
351,1,15,0,46000.0,debt_consolidation,0.14009661835748793,414
605,5,15,0,65000.0,debt_consolidation,0.14006514657980457,307
601,5,10,9,91690.5,debt_consolidation,0.14,650
248,1,0,9,0.0,other,0.14,250
42,0,10,1,65000.0,debt_consolidation,0.14,250
874,9,15,4,91690.5,debt_consolidation,0.13978494623655913,558
744,9,10,0,91690.5,debt_consolidation,0.13959390862944163,394
791,9,10,7,0.0,credit_card,0.13953488372093023,129
805,9,10,9,0.0,debt_consolidation,0.1394658753709199,674
835,9,15,1,65000.0,home_improvement,0.13934426229508196,122
434,1,20,0,46000.0,debt_consolidation,0.13924050632911392,316
35,0,10,0,65000.0,debt_consolidation,0.13917525773195877,194
237,1,0,7,0.0,other,0.1391304347826087,115
230,1,0,4,46000.0,debt_consolidation,0.13903743315508021,187
956,9,20,2,65000.0,home_improvement,0.1388888888888889,108
375,1,15,3,46000.0,debt_consolidation,0.13876967095851217,699
129,0,15,6,46000.0,debt_consolidation,0.1386861313868613,137
848,9,15,2,65000.0,other,0.13861386138613863,101
638,5,15,5,46000.0,debt_consolidation,0.13855421686746988,166
821,9,15,0,46000.0,debt_consolidation,0.13846153846153847,585
292,1,10,3,91690.5,debt_consolidation,0.1383399209486166,506
259,1,10,0,46000.0,debt_consolidation,0.13833333333333334,600
145,0,15,9,0.0,debt_consolidation,0.1382636655948553,311
301,1,10,4,91690.5,debt_consolidation,0.13821138211382114,246
618,5,15,2,46000.0,debt_consolidation,0.13821138211382114,369
359,1,15,1,46000.0,debt_consolidation,0.13806706114398423,507
697,5,20,4,46000.0,debt_consolidation,0.13793103448275862,261
309,1,10,6,0.0,debt_consolidation,0.1378640776699029,515
186,0,20,7,46000.0,credit_card,0.13761467889908258,109
126,0,15,4,91690.5,debt_consolidation,0.13740458015267176,131
114,0,15,3,0.0,credit_card,0.13725490196078433,153
767,9,10,3,46000.0,home_improvement,0.13725490196078433,102
11,0,0,3,0.0,credit_card,0.13725490196078433,204
876,9,15,5,46000.0,credit_card,0.13690476190476192,168
303,1,10,5,0.0,debt_consolidation,0.13690476190476192,336
563,5,10,3,91690.5,debt_consolidation,0.1368421052631579,285
930,9,20,0,65000.0,home_improvement,0.13675213675213677,117
257,1,10,0,0.0,debt_consolidation,0.13663366336633664,505
133,0,15,7,0.0,debt_consolidation,0.13654618473895583,249
105,0,15,1,65000.0,debt_consolidation,0.13636363636363635,220
527,5,0,7,46000.0,debt_consolidation,0.136,125
501,1,20,8,65000.0,debt_consolidation,0.13583815028901733,346
1,0,0,0,0.0,debt_consolidation,0.1357142857142857,280
396,1,15,6,46000.0,debt_consolidation,0.13564668769716087,317
469,1,20,4,46000.0,debt_consolidation,0.13559322033898305,413
674,5,20,1,0.0,debt_consolidation,0.13537117903930132,229
890,9,15,7,0.0,credit_card,0.13533834586466165,133
789,9,10,6,65000.0,debt_consolidation,0.13529411764705881,340
938,9,20,1,46000.0,debt_consolidation,0.13508260447035958,1029
787,9,10,6,46000.0,debt_consolidation,0.135,400
313,1,10,6,65000.0,debt_consolidation,0.13496932515337423,326
187,0,20,7,46000.0,debt_consolidation,0.1348314606741573,267
179,0,20,4,91690.5,debt_consolidation,0.13471502590673576,193
24,0,0,9,0.0,credit_card,0.13468013468013468,297
844,9,15,2,46000.0,debt_consolidation,0.13426573426573427,715
125,0,15,4,65000.0,debt_consolidation,0.1340782122905028,179
634,5,15,4,46000.0,debt_consolidation,0.1340782122905028,358
153,0,20,0,46000.0,debt_consolidation,0.1340782122905028,179
650,5,15,7,65000.0,debt_consolidation,0.13404825737265416,373
847,9,15,2,65000.0,debt_consolidation,0.13391739674593242,799
918,9,15,9,65000.0,home_improvement,0.13385826771653545,127
241,1,0,7,91690.5,debt_consolidation,0.13380281690140844,142
590,5,10,8,65000.0,debt_consolidation,0.13360323886639677,247
261,1,10,0,65000.0,debt_consolidation,0.13347921225382933,457
575,5,10,6,46000.0,credit_card,0.13333333333333333,150
466,1,20,4,0.0,credit_card,0.13333333333333333,165
967,9,20,3,46000.0,other,0.13333333333333333,135
152,0,20,0,0.0,debt_consolidation,0.13333333333333333,135
238,1,0,7,46000.0,credit_card,0.13333333333333333,120
952,9,20,2,46000.0,debt_consolidation,0.1329479768786127,865
996,9,20,6,0.0,debt_consolidation,0.13253012048192772,332
555,5,10,3,0.0,credit_card,0.13247863247863248,234
316,1,10,7,0.0,credit_card,0.13229571984435798,257
389,1,15,5,0.0,debt_consolidation,0.13227513227513227,189
135,0,15,7,46000.0,debt_consolidation,0.13220338983050847,295
34,0,10,0,46000.0,debt_consolidation,0.13214285714285715,280
557,5,10,3,0.0,other,0.1320754716981132,106
369,1,15,2,65000.0,debt_consolidation,0.1320754716981132,477
950,9,20,2,0.0,debt_consolidation,0.1319910514541387,447
474,1,20,5,0.0,debt_consolidation,0.1317365269461078,167
856,9,15,3,46000.0,debt_consolidation,0.13138686131386862,1096
892,9,15,7,46000.0,credit_card,0.13127413127413126,259
756,9,10,2,46000.0,credit_card,0.13114754098360656,183
346,1,10,9,91690.5,debt_consolidation,0.13114754098360656,793
386,1,15,4,65000.0,debt_consolidation,0.13110539845758354,389
336,1,10,9,0.0,credit_card,0.13110539845758354,389
1007,9,20,7,46000.0,debt_consolidation,0.1310344827586207,1015
93,0,10,9,65000.0,debt_consolidation,0.13102119460500963,519
422,1,15,9,46000.0,debt_consolidation,0.13089005235602094,764
425,1,15,9,65000.0,debt_consolidation,0.1308641975308642,810
489,1,20,7,46000.0,credit_card,0.1306532663316583,199
690,5,20,3,46000.0,debt_consolidation,0.13063063063063063,444
664,5,15,9,65000.0,debt_consolidation,0.130568356374808,651
107,0,15,1,91690.5,debt_consolidation,0.13043478260869565,253
170,0,20,3,46000.0,credit_card,0.13043478260869565,115
202,0,20,9,65000.0,debt_consolidation,0.13032581453634084,399
41,0,10,1,65000.0,credit_card,0.13013698630136986,146
560,5,10,3,65000.0,credit_card,0.13013698630136986,146
883,9,15,6,0.0,debt_consolidation,0.13,300
305,1,10,5,46000.0,debt_consolidation,0.12987012987012986,308
395,1,15,6,46000.0,credit_card,0.12987012987012986,154
144,0,15,9,0.0,credit_card,0.12949640287769784,139
198,0,20,9,0.0,debt_consolidation,0.12944983818770225,309
599,5,10,9,65000.0,debt_consolidation,0.12944523470839261,703
348,1,15,0,0.0,credit_card,0.12931034482758622,116
807,9,10,9,46000.0,credit_card,0.12923076923076923,325
923,9,15,9,91690.5,other,0.1291866028708134,209
68,0,10,6,0.0,credit_card,0.12878787878787878,132
561,5,10,3,65000.0,debt_consolidation,0.12873563218390804,435
210,1,0,1,0.0,credit_card,0.12853470437017994,389
509,1,20,9,65000.0,debt_consolidation,0.12845303867403315,724
583,5,10,7,65000.0,credit_card,0.12837837837837837,148
636,5,15,4,91690.5,debt_consolidation,0.12831858407079647,226
927,9,20,0,46000.0,debt_consolidation,0.12780898876404495,712
490,1,20,7,46000.0,debt_consolidation,0.1277445109780439,501
885,9,15,6,46000.0,debt_consolidation,0.12754158964879853,541
444,1,20,1,65000.0,debt_consolidation,0.12742980561555076,463
47,0,10,2,46000.0,credit_card,0.12738853503184713,157
311,1,10,6,46000.0,debt_consolidation,0.1273100616016427,487
533,5,10,0,0.0,credit_card,0.12727272727272726,110
480,1,20,6,0.0,debt_consolidation,0.1271186440677966,236
0,0,0,0,0.0,credit_card,0.1271186440677966,118
521,5,0,3,0.0,credit_card,0.1271186440677966,118
903,9,15,8,0.0,debt_consolidation,0.12686567164179105,268
439,1,20,1,0.0,credit_card,0.1267605633802817,142
675,5,20,1,46000.0,credit_card,0.1267605633802817,142
295,1,10,4,0.0,debt_consolidation,0.12674094707520892,718
416,1,15,8,65000.0,debt_consolidation,0.12643678160919541,348
845,9,15,2,46000.0,other,0.12612612612612611,111
942,9,20,1,65000.0,debt_consolidation,0.12605687932359724,1301
436,1,20,0,65000.0,debt_consolidation,0.1260053619302949,373
507,1,20,9,46000.0,debt_consolidation,0.12597200622083982,643
283,1,10,3,0.0,credit_card,0.12596401028277635,389
138,0,15,7,91690.5,credit_card,0.1259259259259259,135
579,5,10,7,0.0,credit_card,0.1258741258741259,143
306,1,10,5,65000.0,debt_consolidation,0.12582781456953643,151
218,1,0,2,0.0,debt_consolidation,0.12581344902386118,461
4,0,0,1,0.0,debt_consolidation,0.12561576354679804,406
165,0,20,2,65000.0,debt_consolidation,0.12560386473429952,207
460,1,20,3,65000.0,credit_card,0.12554112554112554,231
692,5,20,3,65000.0,debt_consolidation,0.12527472527472527,455
151,0,15,9,91690.5,debt_consolidation,0.1252302025782689,543
379,1,15,3,91690.5,debt_consolidation,0.12520064205457465,623
896,9,15,7,65000.0,debt_consolidation,0.12514898688915377,839
765,9,10,3,46000.0,credit_card,0.125,256
188,0,20,7,65000.0,credit_card,0.125,112
514,5,0,0,0.0,debt_consolidation,0.125,136
499,1,20,8,46000.0,debt_consolidation,0.125,336
282,1,10,2,91690.5,debt_consolidation,0.125,416
676,5,20,1,46000.0,debt_consolidation,0.125,328
505,1,20,9,0.0,debt_consolidation,0.12475247524752475,505
810,9,10,9,65000.0,credit_card,0.12459016393442623,305
539,5,10,0,91690.5,debt_consolidation,0.12455516014234876,281
113,0,15,2,91690.5,debt_consolidation,0.12452830188679245,265
478,1,20,5,91690.5,debt_consolidation,0.1242603550295858,169
5,0,0,1,0.0,other,0.12408759124087591,137
77,0,10,7,65000.0,credit_card,0.12408759124087591,137
189,0,20,7,65000.0,debt_consolidation,0.12406015037593984,266
642,5,15,6,46000.0,debt_consolidation,0.124,250
22,0,0,8,0.0,credit_card,0.12396694214876033,121
912,9,15,9,0.0,other,0.12389380530973451,113
917,9,15,9,65000.0,debt_consolidation,0.12387543252595155,1445
681,5,20,2,0.0,debt_consolidation,0.12385321100917432,218
134,0,15,7,46000.0,credit_card,0.12380952380952381,105
191,0,20,7,91690.5,debt_consolidation,0.12362637362637363,364
963,9,20,3,0.0,debt_consolidation,0.12343966712898752,721
652,5,15,7,91690.5,debt_consolidation,0.12342569269521411,397
990,9,20,5,46000.0,debt_consolidation,0.12342569269521411,397
554,5,10,2,91690.5,debt_consolidation,0.1232876712328767,292
979,9,20,4,46000.0,debt_consolidation,0.12321792260692464,982
703,5,20,5,46000.0,debt_consolidation,0.12318840579710146,138
64,0,10,4,65000.0,debt_consolidation,0.12318840579710146,138
955,9,20,2,65000.0,debt_consolidation,0.12313104661389622,1137
321,1,10,7,46000.0,other,0.12295081967213115,122
914,9,15,9,46000.0,debt_consolidation,0.12285012285012285,1221
363,1,15,1,91690.5,debt_consolidation,0.12274368231046931,554
815,9,10,9,91690.5,debt_consolidation,0.12257281553398058,824
727,5,20,9,0.0,debt_consolidation,0.12244897959183673,294
552,5,10,2,65000.0,credit_card,0.12213740458015267,131
339,1,10,9,46000.0,credit_card,0.12205567451820129,467
871,9,15,4,65000.0,credit_card,0.12195121951219512,287
72,0,10,6,65000.0,debt_consolidation,0.12179487179487179,156
408,1,15,7,91690.5,debt_consolidation,0.12171052631578948,608
139,0,15,7,91690.5,debt_consolidation,0.12171052631578948,304
682,5,20,2,46000.0,debt_consolidation,0.12162162162162163,296
837,9,15,1,91690.5,credit_card,0.12149532710280374,321
280,1,10,2,65000.0,debt_consolidation,0.1213768115942029,552
461,1,20,3,65000.0,debt_consolidation,0.12135922330097088,618
813,9,10,9,65000.0,other,0.12121212121212122,165
307,1,10,5,91690.5,debt_consolidation,0.12096774193548387,124
260,1,10,0,65000.0,credit_card,0.12093023255813953,215
168,0,20,3,0.0,credit_card,0.1206896551724138,116
854,9,15,3,0.0,other,0.1206896551724138,116
977,9,20,4,0.0,debt_consolidation,0.12041884816753927,573
484,1,20,6,65000.0,debt_consolidation,0.12040133779264214,299
294,1,10,4,0.0,credit_card,0.12014134275618374,283
298,1,10,4,65000.0,credit_card,0.11976047904191617,167
585,5,10,7,91690.5,credit_card,0.11971830985915492,142
28,0,0,9,46000.0,debt_consolidation,0.11969111969111969,259
875,9,15,5,0.0,debt_consolidation,0.11965811965811966,234
44,0,10,1,91690.5,debt_consolidation,0.11961722488038277,209
27,0,0,9,46000.0,credit_card,0.11940298507462686,134
31,0,10,0,0.0,credit_card,0.11940298507462686,134
447,1,20,1,91690.5,home_improvement,0.11926605504587157,109
55,0,10,3,46000.0,credit_card,0.11917098445595854,193
653,5,15,8,0.0,debt_consolidation,0.11891891891891893,185
819,9,15,0,0.0,debt_consolidation,0.11888111888111888,286
225,1,0,3,46000.0,credit_card,0.11888111888111888,143
123,0,15,4,46000.0,credit_card,0.1188118811881188,101
731,5,20,9,65000.0,debt_consolidation,0.11872909698996656,598
922,9,15,9,91690.5,home_improvement,0.11855670103092783,194
632,5,15,4,0.0,debt_consolidation,0.11842105263157894,304
905,9,15,8,46000.0,debt_consolidation,0.11812627291242363,491
1021,9,20,8,46000.0,debt_consolidation,0.1180327868852459,610
860,9,15,3,65000.0,debt_consolidation,0.11801242236024845,966
173,0,20,3,65000.0,debt_consolidation,0.11784511784511785,297
830,9,15,1,46000.0,credit_card,0.11782477341389729,331
622,5,15,2,91690.5,debt_consolidation,0.11778846153846154,416
131,0,15,6,65000.0,debt_consolidation,0.11764705882352941,136
164,0,20,2,46000.0,debt_consolidation,0.11764705882352941,187
639,5,15,5,65000.0,debt_consolidation,0.11764705882352941,119
154,0,20,0,65000.0,debt_consolidation,0.11731843575418995,179
975,9,20,3,91690.5,other,0.11728395061728394,162
624,5,15,3,0.0,debt_consolidation,0.11727078891257996,469
364,1,15,2,0.0,credit_card,0.1171875,128
263,1,10,0,91690.5,debt_consolidation,0.11716621253405994,367
608,5,15,1,0.0,credit_card,0.11711711711711711,111
538,5,10,0,65000.0,debt_consolidation,0.11705685618729098,299
175,0,20,3,91690.5,debt_consolidation,0.11702127659574468,376
511,1,20,9,91690.5,debt_consolidation,0.117003367003367,1188
713,5,20,7,0.0,debt_consolidation,0.11682242990654206,214
898,9,15,7,91690.5,credit_card,0.11661807580174927,343
377,1,15,3,65000.0,debt_consolidation,0.11652173913043479,575
542,5,10,1,46000.0,credit_card,0.11650485436893204,206
360,1,15,1,65000.0,credit_card,0.11646586345381527,249
232,1,0,6,0.0,credit_card,0.11643835616438356,146
95,0,10,9,91690.5,debt_consolidation,0.11643835616438356,438
804,9,10,9,0.0,credit_card,0.11637931034482758,232
982,9,20,4,65000.0,debt_consolidation,0.11634349030470914,1083
550,5,10,2,46000.0,credit_card,0.11627906976744186,129
724,5,20,8,91690.5,credit_card,0.11607142857142858,112
573,5,10,6,0.0,credit_card,0.11607142857142858,112
143,0,15,8,91690.5,debt_consolidation,0.11602209944751381,181
752,9,10,1,91690.5,credit_card,0.11594202898550725,138
97,0,15,0,46000.0,debt_consolidation,0.11578947368421053,190
235,1,0,7,0.0,credit_card,0.11578947368421053,190
667,5,20,0,0.0,debt_consolidation,0.11564625850340136,147
288,1,10,3,46000.0,other,0.11564625850340136,147
790,9,10,6,91690.5,debt_consolidation,0.11555555555555555,225
733,5,20,9,91690.5,debt_consolidation,0.11547911547911548,814
178,0,20,4,65000.0,debt_consolidation,0.11538461538461539,156
562,5,10,3,91690.5,credit_card,0.11538461538461539,104
877,9,15,5,46000.0,debt_consolidation,0.11527377521613832,347
925,9,20,0,0.0,debt_consolidation,0.11524163568773234,269
267,1,10,1,46000.0,credit_card,0.11508951406649616,391
443,1,20,1,65000.0,credit_card,0.11494252873563218,174
803,9,10,8,91690.5,debt_consolidation,0.1148936170212766,235
1005,9,20,7,0.0,debt_consolidation,0.11483253588516747,418
459,1,20,3,46000.0,debt_consolidation,0.11475409836065574,610
184,0,20,6,91690.5,debt_consolidation,0.11475409836065574,183
684,5,20,2,65000.0,debt_consolidation,0.11464968152866242,314
838,9,15,1,91690.5,debt_consolidation,0.11464245175936436,881
960,9,20,2,91690.5,home_improvement,0.11458333333333333,192
919,9,15,9,65000.0,other,0.11442786069651742,201
366,1,15,2,46000.0,credit_card,0.11428571428571428,175
8,0,0,2,0.0,credit_card,0.11409395973154363,149
578,5,10,6,91690.5,debt_consolidation,0.11409395973154363,149
104,0,15,1,65000.0,credit_card,0.11403508771929824,114
840,9,15,1,91690.5,other,0.11403508771929824,114
100,0,15,0,91690.5,debt_consolidation,0.11392405063291139,237
69,0,10,6,0.0,debt_consolidation,0.11387900355871886,281
15,0,0,4,0.0,credit_card,0.11382113821138211,123
782,9,10,5,46000.0,debt_consolidation,0.11372549019607843,255
435,1,20,0,65000.0,credit_card,0.11363636363636363,176
142,0,15,8,65000.0,debt_consolidation,0.11363636363636363,176
286,1,10,3,46000.0,credit_card,0.11335012594458438,397
441,1,20,1,46000.0,credit_card,0.11330049261083744,203
644,5,15,6,65000.0,debt_consolidation,0.11320754716981132,212
465,1,20,3,91690.5,other,0.11304347826086956,115
662,5,15,9,46000.0,debt_consolidation,0.1130030959752322,646
57,0,10,3,65000.0,credit_card,0.11290322580645161,124
207,1,0,0,46000.0,credit_card,0.11278195488721804,133
393,1,15,6,0.0,credit_card,0.11278195488721804,133
70,0,10,6,46000.0,credit_card,0.11267605633802817,142
633,5,15,4,46000.0,credit_card,0.11258278145695365,151
513,1,20,9,91690.5,other,0.11242603550295859,169
615,5,15,1,91690.5,debt_consolidation,0.11235955056179775,356
392,1,15,5,91690.5,debt_consolidation,0.11235955056179775,178
486,1,20,6,91690.5,debt_consolidation,0.11229946524064172,374
391,1,15,5,65000.0,debt_consolidation,0.11229946524064172,187
668,5,20,0,46000.0,credit_card,0.11214953271028037,107
657,5,15,8,65000.0,debt_consolidation,0.11194029850746269,268
43,0,10,1,91690.5,credit_card,0.11194029850746269,134
720,5,20,8,0.0,debt_consolidation,0.11170212765957446,188
988,9,20,5,0.0,debt_consolidation,0.11165048543689321,206
1031,9,20,9,46000.0,debt_consolidation,0.11152976639035418,1327
907,9,15,8,65000.0,debt_consolidation,0.11148648648648649,592
300,1,10,4,91690.5,credit_card,0.1111111111111111,108
1029,9,20,9,0.0,other,0.1111111111111111,108
453,1,20,2,65000.0,debt_consolidation,0.1108433734939759,415
823,9,15,0,65000.0,debt_consolidation,0.11065006915629322,723
591,5,10,8,91690.5,debt_consolidation,0.11055276381909548,199
793,9,10,7,46000.0,credit_card,0.11052631578947368,190
773,9,10,4,0.0,credit_card,0.11052631578947368,190
242,1,0,8,0.0,credit_card,0.11038961038961038,154
482,1,20,6,46000.0,debt_consolidation,0.11026615969581749,263
598,5,10,9,65000.0,credit_card,0.11023622047244094,254
659,5,15,9,0.0,credit_card,0.11023622047244094,127
616,5,15,2,0.0,debt_consolidation,0.11023622047244094,254
92,0,10,9,65000.0,credit_card,0.11013215859030837,227
65,0,10,5,0.0,credit_card,0.11009174311926606,109
812,9,10,9,65000.0,home_improvement,0.11009174311926606,109
595,5,10,9,46000.0,credit_card,0.11003236245954692,309
504,1,20,9,0.0,credit_card,0.10989010989010989,182
581,5,10,7,46000.0,credit_card,0.10989010989010989,182
90,0,10,9,46000.0,credit_card,0.10989010989010989,273
948,9,20,1,91690.5,other,0.10970464135021098,237
941,9,20,1,65000.0,credit_card,0.10964912280701754,456
619,5,15,2,65000.0,credit_card,0.10948905109489052,137
588,5,10,8,46000.0,credit_card,0.109375,128
965,9,20,3,46000.0,debt_consolidation,0.10933940774487472,1317
1011,9,20,7,65000.0,debt_consolidation,0.1091703056768559,1145
409,1,15,7,91690.5,home_improvement,0.10909090909090909,110
852,9,15,3,0.0,credit_card,0.10887096774193548,248
547,5,10,1,91690.5,debt_consolidation,0.10855263157894737,304
289,1,10,3,65000.0,credit_card,0.10810810810810811,259
87,0,10,9,0.0,credit_card,0.1079136690647482,278
456,1,20,3,0.0,credit_card,0.10775862068965517,232
1020,9,20,8,46000.0,credit_card,0.10747663551401869,214
635,5,15,4,65000.0,debt_consolidation,0.10743801652892562,242
613,5,15,1,65000.0,debt_consolidation,0.10739856801909307,419
544,5,10,1,65000.0,credit_card,0.10734463276836158,177
800,9,10,8,46000.0,credit_card,0.10714285714285714,112
857,9,15,3,46000.0,home_improvement,0.10687022900763359,131
246,1,0,9,0.0,credit_card,0.10679611650485436,412
109,0,15,2,46000.0,debt_consolidation,0.1067193675889328,253
701,5,20,4,91690.5,debt_consolidation,0.10661764705882353,272
879,9,15,5,65000.0,debt_consolidation,0.1064516129032258,310
221,1,0,2,65000.0,debt_consolidation,0.10638297872340426,141
797,9,10,7,91690.5,credit_card,0.10625,160
356,1,15,1,0.0,credit_card,0.10614525139664804,179
843,9,15,2,46000.0,credit_card,0.10612244897959183,245
342,1,10,9,65000.0,credit_card,0.10594315245478036,387
921,9,15,9,91690.5,debt_consolidation,0.10587431693989072,1464
429,1,15,9,91690.5,home_improvement,0.10576923076923077,104
52,0,10,3,0.0,credit_card,0.10572687224669604,227
592,5,10,9,0.0,credit_card,0.10572687224669604,227
658,5,15,8,91690.5,debt_consolidation,0.10569105691056911,246
998,9,20,6,46000.0,debt_consolidation,0.10569105691056911,615
899,9,15,7,91690.5,debt_consolidation,0.10559796437659033,786
37,0,10,1,0.0,credit_card,0.10552763819095477,199
1033,9,20,9,46000.0,other,0.10526315789473684,190
881,9,15,5,91690.5,debt_consolidation,0.105,200
361,1,15,1,65000.0,debt_consolidation,0.10495049504950495,505
865,9,15,3,91690.5,home_improvement,0.1048951048951049,143
516,5,0,1,0.0,credit_card,0.10483870967741936,124
403,1,15,7,46000.0,credit_card,0.10476190476190476,210
296,1,10,4,46000.0,credit_card,0.10469314079422383,277
274,1,10,2,0.0,credit_card,0.10465116279069768,258
182,0,20,6,65000.0,debt_consolidation,0.10457516339869281,153
976,9,20,4,0.0,credit_card,0.1037344398340249,241
783,9,10,5,65000.0,debt_consolidation,0.10365853658536585,164
764,9,10,3,0.0,other,0.10344827586206896,116
935,9,20,1,0.0,credit_card,0.10344827586206896,203
841,9,15,2,0.0,credit_card,0.10344827586206896,145
350,1,15,0,46000.0,credit_card,0.10303030303030303,165
167,0,20,2,91690.5,debt_consolidation,0.10285714285714286,350
431,1,20,0,0.0,credit_card,0.102803738317757,107
79,0,10,7,91690.5,credit_card,0.102803738317757,107
1019,9,20,8,0.0,debt_consolidation,0.10256410256410256,273
148,0,15,9,65000.0,credit_card,0.1024390243902439,205
415,1,15,8,65000.0,credit_card,0.10218978102189781,137
983,9,20,4,65000.0,home_improvement,0.10218978102189781,137
677,5,20,1,65000.0,credit_card,0.10218978102189781,137
710,5,20,6,65000.0,debt_consolidation,0.10204081632653061,196
322,1,10,7,65000.0,credit_card,0.1018867924528302,265
1023,9,20,8,65000.0,debt_consolidation,0.101620029455081,679
471,1,20,4,65000.0,debt_consolidation,0.10160427807486631,374
576,5,10,6,46000.0,debt_consolidation,0.10135135135135136,296
884,9,15,6,46000.0,credit_card,0.1013215859030837,227
680,5,20,1,91690.5,debt_consolidation,0.10126582278481013,474
347,1,10,9,91690.5,other,0.10126582278481013,158
388,1,15,4,91690.5,debt_consolidation,0.10119047619047619,336
786,9,10,6,46000.0,credit_card,0.10119047619047619,168
39,0,10,1,46000.0,credit_card,0.10101010101010101,198
826,9,15,0,91690.5,home_improvement,0.10091743119266056,109
654,5,15,8,46000.0,credit_card,0.10091743119266056,109
969,9,20,3,65000.0,debt_consolidation,0.10072463768115943,1380
882,9,15,6,0.0,credit_card,0.10071942446043165,139
640,5,15,6,0.0,debt_consolidation,0.10052910052910052,189
723,5,20,8,65000.0,debt_consolidation,0.1,240
487,1,20,7,0.0,credit_card,0.1,130
895,9,15,7,65000.0,credit_card,0.1,260
546,5,10,1,91690.5,credit_card,0.1,130
534,5,10,0,0.0,debt_consolidation,0.0996309963099631,271
666,5,15,9,91690.5,debt_consolidation,0.09956076134699854,683
628,5,15,3,65000.0,debt_consolidation,0.09930715935334873,433
949,9,20,2,0.0,credit_card,0.09923664122137404,131
867,9,15,4,0.0,credit_card,0.0990990990990991,222
217,1,0,2,0.0,credit_card,0.09895833333333333,192
645,5,15,6,91690.5,debt_consolidation,0.09895833333333333,192
916,9,15,9,65000.0,credit_card,0.0989010989010989,455
851,9,15,2,91690.5,home_improvement,0.09848484848484848,132
861,9,15,3,65000.0,home_improvement,0.09848484848484848,132
433,1,20,0,46000.0,credit_card,0.09848484848484848,132
850,9,15,2,91690.5,debt_consolidation,0.09845788849347568,843
904,9,15,8,46000.0,credit_card,0.09826589595375723,173
825,9,15,0,91690.5,debt_consolidation,0.09825033647375504,743
334,1,10,8,91690.5,credit_card,0.09821428571428571,112
255,1,0,9,91690.5,debt_consolidation,0.09803921568627451,204
468,1,20,4,46000.0,credit_card,0.09782608695652174,184
308,1,10,6,0.0,credit_card,0.0975609756097561,205
858,9,15,3,46000.0,other,0.09701492537313433,134
270,1,10,1,65000.0,credit_card,0.09701492537313433,268
880,9,15,5,91690.5,credit_card,0.09701492537313433,134
869,9,15,4,46000.0,credit_card,0.09698996655518395,299
1035,9,20,9,65000.0,debt_consolidation,0.09695431472081219,1970
536,5,10,0,46000.0,debt_consolidation,0.09695290858725762,361
111,0,15,2,65000.0,debt_consolidation,0.09691629955947137,227
620,5,15,2,65000.0,debt_consolidation,0.09686609686609686,351
355,1,15,0,91690.5,debt_consolidation,0.0968421052631579,475
372,1,15,3,0.0,credit_card,0.09652509652509653,259
196,0,20,8,91690.5,debt_consolidation,0.09644670050761421,197
820,9,15,0,46000.0,credit_card,0.0963302752293578,218
902,9,15,8,0.0,credit_card,0.09615384615384616,104
500,1,20,8,65000.0,credit_card,0.09615384615384616,156
610,5,15,1,46000.0,credit_card,0.09615384615384616,156
130,0,15,6,65000.0,credit_card,0.09615384615384616,104
929,9,20,0,65000.0,debt_consolidation,0.09606587374199452,1093
864,9,15,3,91690.5,debt_consolidation,0.0960591133004926,812
1010,9,20,7,65000.0,credit_card,0.09592326139088729,417
947,9,20,1,91690.5,home_improvement,0.09578544061302682,261
901,9,15,7,91690.5,other,0.09565217391304348,115
671,5,20,0,65000.0,debt_consolidation,0.09556313993174062,293
146,0,15,9,46000.0,credit_card,0.09547738693467336,199
249,1,0,9,46000.0,credit_card,0.09545454545454546,220
946,9,20,1,91690.5,debt_consolidation,0.09540636042402827,1698
694,5,20,3,91690.5,debt_consolidation,0.09533073929961089,514
252,1,0,9,65000.0,credit_card,0.09523809523809523,126
725,5,20,8,91690.5,debt_consolidation,0.09523809523809523,294
944,9,20,1,65000.0,other,0.09523809523809523,168
407,1,15,7,91690.5,credit_card,0.09505703422053231,263
926,9,20,0,46000.0,credit_card,0.0944206008583691,233
888,9,15,6,91690.5,credit_card,0.09433962264150944,212
358,1,15,1,46000.0,credit_card,0.09417040358744394,223
887,9,15,6,65000.0,debt_consolidation,0.09407665505226481,574
162,0,20,1,91690.5,debt_consolidation,0.09401709401709402,351
421,1,15,9,46000.0,credit_card,0.09395973154362416,298
1000,9,20,6,65000.0,debt_consolidation,0.09391534391534391,756
400,1,15,6,91690.5,debt_consolidation,0.09385113268608414,309
630,5,15,3,91690.5,debt_consolidation,0.09382716049382717,405
419,1,15,9,0.0,credit_card,0.09375,256
204,0,20,9,91690.5,debt_consolidation,0.093603744149766,641
161,0,20,1,91690.5,credit_card,0.09340659340659341,182
428,1,15,9,91690.5,debt_consolidation,0.0931615460852329,1009
473,1,20,4,91690.5,debt_consolidation,0.09290953545232274,409
762,9,10,3,0.0,credit_card,0.09274193548387097,248
739,9,10,0,46000.0,credit_card,0.09271523178807947,151
833,9,15,1,65000.0,credit_card,0.09269662921348315,356
1030,9,20,9,46000.0,credit_card,0.09263157894736843,475
477,1,20,5,91690.5,credit_card,0.09259259259259259,108
647,5,15,7,46000.0,credit_card,0.09259259259259259,162
627,5,15,3,65000.0,credit_card,0.09259259259259259,162
940,9,20,1,46000.0,other,0.09248554913294797,173
818,9,15,0,0.0,credit_card,0.09243697478991597,119
981,9,20,4,65000.0,credit_card,0.09237875288683603,433
937,9,20,1,46000.0,credit_card,0.09230769230769231,390
966,9,20,3,46000.0,home_improvement,0.09219858156028368,141
655,5,15,8,46000.0,debt_consolidation,0.09183673469387756,294
62,0,10,4,46000.0,credit_card,0.09166666666666666,120
1013,9,20,7,65000.0,other,0.0916030534351145,131
962,9,20,3,0.0,credit_card,0.09157509157509157,273
332,1,10,8,65000.0,credit_card,0.0915032679738562,153
174,0,20,3,91690.5,credit_card,0.09146341463414634,164
699,5,20,4,65000.0,debt_consolidation,0.09125475285171103,263
775,9,10,4,46000.0,credit_card,0.09090909090909091,220
446,1,20,1,91690.5,debt_consolidation,0.09090909090909091,693
45,0,10,2,0.0,credit_card,0.09090909090909091,121
816,9,10,9,91690.5,home_improvement,0.09090909090909091,143
98,0,15,0,65000.0,debt_consolidation,0.09090909090909091,198
686,5,20,2,91690.5,debt_consolidation,0.09073724007561437,529
846,9,15,2,65000.0,credit_card,0.09057971014492754,276
256,1,10,0,0.0,credit_card,0.09049773755656108,221
302,1,10,5,0.0,credit_card,0.09036144578313253,166
371,1,15,2,91690.5,debt_consolidation,0.0903010033444816,598
617,5,15,2,46000.0,credit_card,0.09016393442622951,122
897,9,15,7,65000.0,other,0.09009009009009009,111
1008,9,20,7,46000.0,home_improvement,0.09009009009009009,111
997,9,20,6,46000.0,credit_card,0.08992805755395683,278
190,0,20,7,91690.5,credit_card,0.08982035928143713,167
476,1,20,5,65000.0,debt_consolidation,0.08974358974358974,156
353,1,15,0,65000.0,debt_consolidation,0.08967391304347826,368
1041,9,20,9,91690.5,other,0.08955223880597014,335
961,9,20,2,91690.5,other,0.0893854748603352,179
277,1,10,2,46000.0,credit_card,0.08936170212765958,235
612,5,15,1,65000.0,credit_card,0.08928571428571429,168
943,9,20,1,65000.0,home_improvement,0.08928571428571429,168
873,9,15,4,91690.5,credit_card,0.0891089108910891,202
368,1,15,2,65000.0,credit_card,0.08900523560209424,191
494,1,20,7,91690.5,debt_consolidation,0.08886107634543179,799
924,9,20,0,0.0,credit_card,0.08870967741935484,124
665,5,15,9,91690.5,credit_card,0.08865248226950355,282
1039,9,20,9,91690.5,debt_consolidation,0.08862685431723089,2629
1037,9,20,9,65000.0,other,0.08860759493670886,237
728,5,20,9,46000.0,credit_card,0.08860759493670886,158
496,1,20,8,0.0,credit_card,0.08823529411764706,102
156,0,20,0,91690.5,debt_consolidation,0.08823529411764706,340
707,5,20,6,46000.0,credit_card,0.08823529411764706,102
508,1,20,9,65000.0,credit_card,0.08813559322033898,295
600,5,10,9,91690.5,credit_card,0.08808290155440414,193
1017,9,20,7,91690.5,other,0.08808290155440414,193
934,9,20,0,91690.5,other,0.0880503144654088,159
855,9,15,3,46000.0,credit_card,0.08776595744680851,376
656,5,15,8,65000.0,credit_card,0.08737864077669903,103
719,5,20,7,91690.5,debt_consolidation,0.08713692946058091,482
1015,9,20,7,91690.5,debt_consolidation,0.08707865168539326,1424
455,1,20,2,91690.5,debt_consolidation,0.08701657458563536,724
83,0,10,8,46000.0,credit_card,0.08695652173913043,138
438,1,20,0,91690.5,debt_consolidation,0.08681672025723473,622
417,1,15,8,91690.5,credit_card,0.08666666666666667,150
483,1,20,6,65000.0,credit_card,0.08661417322834646,127
878,9,15,5,65000.0,credit_card,0.08661417322834646,127
558,5,10,3,46000.0,credit_card,0.08658008658008658,231
939,9,20,1,46000.0,home_improvement,0.08653846153846154,104
1026,9,20,8,91690.5,home_improvement,0.08653846153846154,104
709,5,20,6,65000.0,credit_card,0.08620689655172414,116
498,1,20,8,46000.0,credit_card,0.08620689655172414,116
1027,9,20,9,0.0,credit_card,0.08571428571428572,210
889,9,15,6,91690.5,debt_consolidation,0.08547008547008547,468
712,5,20,6,91690.5,debt_consolidation,0.08547008547008547,234
387,1,15,4,91690.5,credit_card,0.08536585365853659,164
345,1,10,9,91690.5,credit_card,0.08504398826979472,341
383,1,15,4,46000.0,credit_card,0.085,200
621,5,15,2,91690.5,credit_card,0.08496732026143791,153
172,0,20,3,65000.0,credit_card,0.08490566037735849,106
324,1,10,7,91690.5,credit_card,0.08490566037735849,212
418,1,15,8,91690.5,debt_consolidation,0.0847953216374269,342
631,5,15,4,0.0,credit_card,0.0847457627118644,118
957,9,20,2,65000.0,other,0.0847457627118644,118
381,1,15,4,0.0,credit_card,0.0847457627118644,177
964,9,20,3,46000.0,credit_card,0.08441558441558442,462
980,9,20,4,46000.0,home_improvement,0.08411214953271028,107
1025,9,20,8,91690.5,debt_consolidation,0.08408796895213454,773
458,1,20,3,46000.0,credit_card,0.08403361344537816,238
909,9,15,8,91690.5,debt_consolidation,0.08387096774193549,465
625,5,15,3,46000.0,credit_card,0.08379888268156424,179
385,1,15,4,65000.0,credit_card,0.08333333333333333,156
672,5,20,0,91690.5,credit_card,0.08333333333333333,192
788,9,10,6,65000.0,credit_card,0.08333333333333333,132
1032,9,20,9,46000.0,home_improvement,0.08333333333333333,120
814,9,10,9,91690.5,credit_card,0.08273381294964029,278
769,9,10,3,65000.0,credit_card,0.08260869565217391,230
491,1,20,7,65000.0,credit_card,0.08256880733944955,218
863,9,15,3,91690.5,credit_card,0.08235294117647059,340
629,5,15,3,91690.5,credit_card,0.08227848101265822,158
932,9,20,0,91690.5,debt_consolidation,0.0821917808219178,1533
1006,9,20,7,46000.0,credit_card,0.0821917808219178,365
205,1,0,0,0.0,credit_card,0.08205128205128205,195
986,9,20,4,91690.5,debt_consolidation,0.08205128205128205,975
36,0,10,0,91690.5,debt_consolidation,0.08196721311475409,183
312,1,10,6,65000.0,credit_card,0.08187134502923976,171
795,9,10,7,65000.0,credit_card,0.08187134502923976,171
503,1,20,8,91690.5,debt_consolidation,0.08163265306122448,441
272,1,10,1,91690.5,credit_card,0.08144796380090498,221
741,9,10,0,65000.0,credit_card,0.08139534883720931,172
945,9,20,1,91690.5,credit_card,0.081267217630854,726
376,1,15,3,65000.0,credit_card,0.08108108108108109,222
954,9,20,2,65000.0,credit_card,0.08068459657701711,409
673,5,20,0,91690.5,debt_consolidation,0.08053691275167785,447
771,9,10,3,91690.5,credit_card,0.08024691358024691,162
994,9,20,5,91690.5,debt_consolidation,0.08012820512820513,312
714,5,20,7,46000.0,credit_card,0.07947019867549669,151
1018,9,20,8,0.0,credit_card,0.07894736842105263,114
683,5,20,2,65000.0,credit_card,0.07894736842105263,114
1009,9,20,7,46000.0,other,0.07874015748031496,127
354,1,15,0,91690.5,credit_card,0.07874015748031496,254
281,1,10,2,91690.5,credit_card,0.07865168539325842,178
743,9,10,0,91690.5,credit_card,0.07857142857142857,140
779,9,10,4,91690.5,credit_card,0.0782608695652174,115
987,9,20,4,91690.5,home_improvement,0.078125,128
689,5,20,3,46000.0,credit_card,0.078125,192
116,0,15,3,46000.0,credit_card,0.07801418439716312,141
99,0,15,0,91690.5,credit_card,0.07801418439716312,141
822,9,15,0,65000.0,credit_card,0.0777027027027027,296
374,1,15,3,46000.0,credit_card,0.07766990291262135,309
118,0,15,3,65000.0,credit_card,0.07758620689655173,116
136,0,15,7,65000.0,credit_card,0.07751937984496124,129
464,1,20,3,91690.5,home_improvement,0.07692307692307693,143
106,0,15,1,91690.5,credit_card,0.07692307692307693,143
330,1,10,8,46000.0,credit_card,0.07653061224489796,196
959,9,20,2,91690.5,debt_consolidation,0.07651363938789088,1503
155,0,20,0,91690.5,credit_card,0.0763888888888889,144
1012,9,20,7,65000.0,home_improvement,0.0763888888888889,144
716,5,20,7,65000.0,credit_card,0.0763888888888889,144
2,0,0,0,46000.0,debt_consolidation,0.07633587786259542,131
679,5,20,1,91690.5,credit_card,0.07627118644067797,236
641,5,15,6,46000.0,credit_card,0.07627118644067797,118
279,1,10,2,65000.0,credit_card,0.07614213197969544,197
112,0,15,2,91690.5,credit_card,0.07586206896551724,145
604,5,15,0,65000.0,credit_card,0.07547169811320754,106
859,9,15,3,65000.0,credit_card,0.07541899441340782,358
886,9,15,6,65000.0,credit_card,0.07509881422924901,253
33,0,10,0,46000.0,credit_card,0.07462686567164178,134
6,0,0,1,46000.0,credit_card,0.0743801652892562,121
1036,9,20,9,65000.0,home_improvement,0.07386363636363637,176
1034,9,20,9,65000.0,credit_card,0.07363770250368189,679
1002,9,20,6,91690.5,debt_consolidation,0.07361268403171008,883
506,1,20,9,46000.0,credit_card,0.07352941176470588,272
378,1,15,3,91690.5,credit_card,0.07346938775510205,245
908,9,15,8,91690.5,credit_card,0.07344632768361582,177
1022,9,20,8,65000.0,credit_card,0.07335907335907337,259
397,1,15,6,65000.0,credit_card,0.07333333333333333,150
928,9,20,0,65000.0,credit_card,0.07317073170731707,410
314,1,10,6,91690.5,credit_card,0.072992700729927,137
933,9,20,0,91690.5,home_improvement,0.07291666666666667,192
110,0,15,2,65000.0,credit_card,0.07272727272727272,110
452,1,20,2,65000.0,credit_card,0.07262569832402235,179
405,1,15,7,65000.0,credit_card,0.07239819004524888,221
49,0,10,2,65000.0,credit_card,0.07207207207207207,111
215,1,0,1,65000.0,credit_card,0.072,125
166,0,20,2,91690.5,credit_card,0.0718954248366013,153
462,1,20,3,91690.5,credit_card,0.07100591715976332,338
254,1,0,9,91690.5,credit_card,0.07086614173228346,127
973,9,20,3,91690.5,debt_consolidation,0.0699394754539341,1487
685,5,20,2,91690.5,credit_card,0.06976744186046512,215
450,1,20,2,46000.0,credit_card,0.06962025316455696,158
693,5,20,3,91690.5,credit_card,0.06956521739130435,230
150,0,15,9,91690.5,credit_card,0.0694980694980695,259
201,0,20,9,65000.0,credit_card,0.06918238993710692,159
291,1,10,3,91690.5,credit_card,0.06914893617021277,188
978,9,20,4,46000.0,credit_card,0.06904231625835189,449
1003,9,20,6,91690.5,home_improvement,0.06896551724137931,116
537,5,10,0,65000.0,credit_card,0.06896551724137931,145
120,0,15,3,91690.5,credit_card,0.06870229007633588,131
951,9,20,2,46000.0,credit_card,0.06840390879478828,307
970,9,20,3,65000.0,home_improvement,0.06832298136645963,161
995,9,20,6,0.0,credit_card,0.06802721088435375,147
920,9,15,9,91690.5,credit_card,0.06794425087108014,574
424,1,15,9,65000.0,credit_card,0.06774193548387097,310
463,1,20,3,91690.5,debt_consolidation,0.06770833333333333,768
493,1,20,7,91690.5,credit_card,0.06741573033707865,356
437,1,20,0,91690.5,credit_card,0.0672782874617737,327
989,9,20,5,46000.0,credit_card,0.06726457399103139,223
1004,9,20,7,0.0,credit_card,0.06707317073170732,164
30,0,0,9,91690.5,debt_consolidation,0.0660377358490566,106
132,0,15,6,91690.5,debt_consolidation,0.0658682634730539,167
972,9,20,3,91690.5,credit_card,0.065625,640
315,1,10,6,91690.5,debt_consolidation,0.06481481481481481,216
479,1,20,6,0.0,credit_card,0.06481481481481481,108
958,9,20,2,91690.5,credit_card,0.06451612903225806,589
566,5,10,4,46000.0,credit_card,0.06428571428571428,140
29,0,0,9,65000.0,debt_consolidation,0.06428571428571428,140
310,1,10,6,46000.0,credit_card,0.0642570281124498,249
691,5,20,3,65000.0,credit_card,0.06395348837209303,172
1016,9,20,7,91690.5,home_improvement,0.06382978723404255,188
94,0,10,9,91690.5,credit_card,0.06374501992031872,251
614,5,15,1,91690.5,credit_card,0.06285714285714286,175
663,5,15,9,65000.0,credit_card,0.06278026905829596,223
427,1,15,9,91690.5,credit_card,0.06276150627615062,478
968,9,20,3,65000.0,credit_card,0.061601642710472276,487
258,1,10,0,46000.0,credit_card,0.06020066889632107,299
370,1,15,2,91690.5,credit_card,0.060085836909871244,233
992,9,20,5,65000.0,debt_consolidation,0.059850374064837904,401
824,9,15,0,91690.5,credit_card,0.05956112852664577,319
606,5,15,0,91690.5,credit_card,0.05952380952380952,168
760,9,10,2,91690.5,credit_card,0.05925925925925926,135
445,1,20,1,91690.5,credit_card,0.05917159763313609,338
571,5,10,5,46000.0,credit_card,0.058823529411764705,102
203,0,20,9,91690.5,credit_card,0.05865102639296188,341
352,1,15,0,65000.0,credit_card,0.05847953216374269,171
849,9,15,2,91690.5,credit_card,0.05844155844155844,308
711,5,20,6,91690.5,credit_card,0.058394160583941604,137
569,5,10,4,91690.5,debt_consolidation,0.058394160583941604,137
698,5,20,4,65000.0,credit_card,0.05825242718446602,103
512,1,20,9,91690.5,home_improvement,0.057971014492753624,138
1038,9,20,9,91690.5,credit_card,0.05744888023369036,1027
510,1,20,9,91690.5,credit_card,0.05615942028985507,552
651,5,15,7,91690.5,credit_card,0.05521472392638037,163
649,5,15,7,65000.0,credit_card,0.05511811023622047,127
485,1,20,6,91690.5,credit_card,0.05472636815920398,201
991,9,20,5,65000.0,credit_card,0.054455445544554455,202
262,1,10,0,91690.5,credit_card,0.05434782608695652,184
1014,9,20,7,91690.5,credit_card,0.05314009661835749,621
984,9,20,4,65000.0,other,0.05263157894736842,114
1040,9,20,9,91690.5,home_improvement,0.05187319884726225,347
472,1,20,4,91690.5,credit_card,0.05128205128205128,195
700,5,20,4,91690.5,credit_card,0.049586776859504134,121
159,0,20,1,65000.0,credit_card,0.04950495049504951,101
721,5,20,8,46000.0,credit_card,0.04950495049504951,101
470,1,20,4,65000.0,credit_card,0.04929577464788732,142
454,1,20,2,91690.5,credit_card,0.0486322188449848,329
705,5,20,5,91690.5,debt_consolidation,0.04854368932038835,103
993,9,20,5,91690.5,credit_card,0.04830917874396135,207
730,5,20,9,65000.0,credit_card,0.048,250
362,1,15,1,91690.5,credit_card,0.047619047619047616,273
974,9,20,3,91690.5,home_improvement,0.047619047619047616,231
906,9,15,8,65000.0,credit_card,0.047619047619047616,189
734,5,20,9,91690.5,home_improvement,0.047619047619047616,126
1001,9,20,6,91690.5,credit_card,0.046948356807511735,426
732,5,20,9,91690.5,credit_card,0.0469208211143695,341
985,9,20,4,91690.5,credit_card,0.04669260700389105,514
696,5,20,4,46000.0,credit_card,0.045871559633027525,109
643,5,15,6,65000.0,credit_card,0.045871559633027525,109
670,5,20,0,65000.0,credit_card,0.045112781954887216,133
304,1,10,5,46000.0,credit_card,0.045112781954887216,133
931,9,20,0,91690.5,credit_card,0.04420731707317073,656
718,5,20,7,91690.5,credit_card,0.043668122270742356,229
999,9,20,6,65000.0,credit_card,0.043010752688172046,372
399,1,15,6,91690.5,credit_card,0.04294478527607362,163
1024,9,20,8,91690.5,credit_card,0.04087193460490463,367
481,1,20,6,46000.0,credit_card,0.04065040650406504,123
183,0,20,6,91690.5,credit_card,0.037037037037037035,108
502,1,20,8,91690.5,credit_card,0.02843601895734597,211
195,0,20,8,91690.5,credit_card,0.008695652173913044,115
