age_bracket,health_bracket,religious_bracket,income_bracket,friends_bracket,happiness,count
1,2,2,0,2,100,1
1,2,4,0,3,100,1
2,0,0,0,0,0,7
2,0,0,0,1,36.3636363636364,11
2,0,0,0,2,33.3333333333333,6
2,0,0,0,3,0,3
2,0,0,0,4,75,4
2,0,0,1,2,0,1
2,0,0,2,1,100,1
2,0,0,2,3,0,2
2,0,0,3,2,0,1
2,0,0,3,3,0,1
2,0,0,3,4,0,1
2,0,0,4,1,0,1
2,0,0,4,3,0,1
2,0,1,0,1,50,2
2,0,1,0,2,66.6666666666667,3
2,0,1,0,3,50,2
2,0,1,1,0,0,1
2,0,1,2,4,0,1
2,0,1,3,2,100,1
2,0,1,3,3,0,1
2,0,1,4,3,0,1
2,0,2,0,1,0,1
2,0,2,0,3,100,2
2,0,2,0,4,100,1
2,0,2,1,2,0,1
2,0,2,1,3,100,1
2,0,2,2,0,0,1
2,0,2,2,1,0,1
2,0,2,2,2,0,1
2,0,2,2,4,100,1
2,0,2,3,3,100,2
2,0,2,4,1,0,1
2,0,3,0,0,0,1
2,0,3,0,1,0,2
2,0,3,0,2,50,2
2,0,3,0,3,0,2
2,0,3,2,1,0,1
2,0,3,3,1,0,1
2,0,4,0,0,50,2
2,0,4,0,1,100,1
2,0,4,0,3,100,1
2,0,4,2,3,100,1
2,1,0,0,0,12.5,8
2,1,0,0,1,38.8888888888889,54
2,1,0,0,2,41.8604651162791,43
2,1,0,0,3,40.625,32
2,1,0,0,4,70,20
2,1,0,1,0,0,1
2,1,0,1,1,44.4444444444444,9
2,1,0,1,2,22.2222222222222,9
2,1,0,1,3,50,8
2,1,0,1,4,66.6666666666667,3
2,1,0,2,1,33.3333333333333,9
2,1,0,2,2,27.2727272727273,11
2,1,0,2,3,44.4444444444444,9
2,1,0,2,4,50,4
2,1,0,3,1,0,3
2,1,0,3,2,50,12
2,1,0,3,3,20,5
2,1,0,3,4,100,7
2,1,0,4,0,0,1
2,1,0,4,1,50,2
2,1,0,4,2,0,3
2,1,0,4,3,50,6
2,1,0,4,4,80,5
2,1,1,0,0,20,5
2,1,1,0,1,33.3333333333333,15
2,1,1,0,2,52.9411764705882,17
2,1,1,0,3,50,20
2,1,1,0,4,75,4
2,1,1,1,1,66.6666666666667,3
2,1,1,1,2,33.3333333333333,3
2,1,1,1,3,28.5714285714286,7
2,1,1,1,4,50,2
2,1,1,2,1,33.3333333333333,3
2,1,1,2,2,50,2
2,1,1,2,3,50,2
2,1,1,2,4,33.3333333333333,3
2,1,1,3,1,0,3
2,1,1,3,2,0,2
2,1,1,3,3,25,4
2,1,1,4,1,0,1
2,1,1,4,3,100,3
2,1,1,4,4,0,1
2,1,2,0,0,0,2
2,1,2,0,1,37.5,24
2,1,2,0,2,47.0588235294118,17
2,1,2,0,3,37.5,16
2,1,2,0,4,41.6666666666667,12
2,1,2,1,1,8.33333333333333,12
2,1,2,1,2,25,8
2,1,2,1,3,50,8
2,1,2,1,4,0,1
2,1,2,2,1,50,4
2,1,2,2,2,57.1428571428571,7
2,1,2,2,3,75,4
2,1,2,2,4,0,1
2,1,2,3,0,0,1
2,1,2,3,1,66.6666666666667,3
2,1,2,3,2,100,2
2,1,2,3,3,100,1
2,1,2,3,4,66.6666666666667,3
2,1,2,4,1,66.6666666666667,3
2,1,2,4,2,100,2
2,1,2,4,3,0,2
2,1,2,4,4,100,1
2,1,3,0,0,33.3333333333333,3
2,1,3,0,1,55.5555555555556,9
2,1,3,0,2,63.6363636363636,11
2,1,3,0,3,16.6666666666667,6
2,1,3,0,4,40,5
2,1,3,1,1,0,1
2,1,3,1,2,66.6666666666667,3
2,1,3,1,3,100,2
2,1,3,2,0,0,1
2,1,3,2,1,66.6666666666667,3
2,1,3,2,2,25,4
2,1,3,2,3,50,2
2,1,3,3,0,100,1
2,1,3,3,1,100,2
2,1,3,3,2,33.3333333333333,3
2,1,3,3,3,50,2
2,1,3,4,2,0,1
2,1,3,4,3,0,1
2,1,3,4,4,100,2
2,1,4,0,1,50,6
2,1,4,0,2,50,2
2,1,4,0,3,57.1428571428571,7
2,1,4,0,4,50,2
2,1,4,1,1,50,2
2,1,4,1,2,50,2
2,1,4,2,1,0,2
2,1,4,2,2,100,1
2,1,4,2,3,66.6666666666667,3
2,1,4,3,2,0,1
2,1,4,3,3,100,1
2,1,4,4,2,50,2
2,1,4,4,3,100,2
2,1,4,4,4,100,1
2,2,0,0,0,40,45
2,2,0,0,1,54.9450549450549,273
2,2,0,0,2,64.6825396825397,252
2,2,0,0,3,71.3310580204778,293
2,2,0,0,4,65.5172413793104,116
2,2,0,1,0,57.1428571428571,7
2,2,0,1,1,57.9710144927536,69
2,2,0,1,2,62.0689655172414,58
2,2,0,1,3,64.1791044776119,67
2,2,0,1,4,82.6086956521739,23
2,2,0,2,0,66.6666666666667,3
2,2,0,2,1,63.3802816901409,71
2,2,0,2,2,51.5625,64
2,2,0,2,3,74.6268656716418,67
2,2,0,2,4,80,15
2,2,0,3,0,55.5555555555556,9
2,2,0,3,1,47.7611940298507,67
2,2,0,3,2,62.8571428571429,70
2,2,0,3,3,76.2886597938144,97
2,2,0,3,4,79.0697674418605,43
2,2,0,4,0,50,2
2,2,0,4,1,58.5365853658537,41
2,2,0,4,2,64.1509433962264,53
2,2,0,4,3,72.1518987341772,79
2,2,0,4,4,83.3333333333333,54
2,2,1,0,0,38.4615384615385,13
2,2,1,0,1,59.1836734693878,98
2,2,1,0,2,67.0588235294118,85
2,2,1,0,3,64.7619047619048,105
2,2,1,0,4,63.8888888888889,36
2,2,1,1,0,100,1
2,2,1,1,1,42.8571428571429,35
2,2,1,1,2,66.6666666666667,24
2,2,1,1,3,68,25
2,2,1,1,4,90,10
2,2,1,2,1,55.5555555555556,18
2,2,1,2,2,55.1724137931034,29
2,2,1,2,3,77.4193548387097,31
2,2,1,2,4,83.3333333333333,6
2,2,1,3,1,62.962962962963,27
2,2,1,3,2,72.7272727272727,22
2,2,1,3,3,88.5714285714286,35
2,2,1,3,4,57.1428571428571,14
2,2,1,4,0,100,2
2,2,1,4,1,71.4285714285714,14
2,2,1,4,2,47.3684210526316,19
2,2,1,4,3,71.7391304347826,46
2,2,1,4,4,100,11
2,2,2,0,0,30.7692307692308,13
2,2,2,0,1,60.9929078014184,141
2,2,2,0,2,66.9421487603306,121
2,2,2,0,3,73.6842105263158,152
2,2,2,0,4,76.5625,64
2,2,2,1,0,20,5
2,2,2,1,1,69.4444444444444,36
2,2,2,1,2,67.5675675675676,37
2,2,2,1,3,66.6666666666667,36
2,2,2,1,4,100,8
2,2,2,2,0,66.6666666666667,3
2,2,2,2,1,55.5555555555556,36
2,2,2,2,2,67.8571428571429,28
2,2,2,2,3,78.7878787878788,33
2,2,2,2,4,80,10
2,2,2,3,0,100,1
2,2,2,3,1,47.0588235294118,34
2,2,2,3,2,75,28
2,2,2,3,3,73.9130434782609,46
2,2,2,3,4,68.421052631579,19
2,2,2,4,1,73.6842105263158,19
2,2,2,4,2,76.9230769230769,26
2,2,2,4,3,90.625,32
2,2,2,4,4,88.8888888888889,18
2,2,3,0,0,54.5454545454545,11
2,2,3,0,1,63.6363636363636,88
2,2,3,0,2,63.953488372093,86
2,2,3,0,3,77.7777777777778,90
2,2,3,0,4,72.7272727272727,44
2,2,3,1,0,100,2
2,2,3,1,1,69.5652173913043,23
2,2,3,1,2,65.2173913043478,23
2,2,3,1,3,65.7142857142857,35
2,2,3,1,4,90.9090909090909,11
2,2,3,2,0,33.3333333333333,3
2,2,3,2,1,68.75,32
2,2,3,2,2,56,25
2,2,3,2,3,77.7777777777778,27
2,2,3,2,4,75,8
2,2,3,3,0,66.6666666666667,3
2,2,3,3,1,76.4705882352941,17
2,2,3,3,2,74.0740740740741,27
2,2,3,3,3,66.6666666666667,27
2,2,3,3,4,75,12
2,2,3,4,1,70.5882352941177,17
2,2,3,4,2,76.9230769230769,13
2,2,3,4,3,62.8571428571429,35
2,2,3,4,4,87.5,16
2,2,4,0,0,80,10
2,2,4,0,1,82.9787234042553,47
2,2,4,0,2,96.1538461538462,26
2,2,4,0,3,76.4705882352941,34
2,2,4,0,4,81.25,16
2,2,4,1,0,25,4
2,2,4,1,1,73.6842105263158,19
2,2,4,1,2,50,10
2,2,4,1,3,80,10
2,2,4,1,4,60,5
2,2,4,2,0,50,2
2,2,4,2,1,70.5882352941177,17
2,2,4,2,2,88.8888888888889,9
2,2,4,2,3,87.5,8
2,2,4,2,4,100,6
2,2,4,3,1,75,4
2,2,4,3,2,87.5,8
2,2,4,3,3,66.6666666666667,6
2,2,4,3,4,66.6666666666667,6
2,2,4,4,2,75,4
2,2,4,4,3,83.3333333333333,6
2,2,4,4,4,66.6666666666667,6
3,0,0,0,0,0,2
3,0,0,0,1,25,8
3,0,0,0,2,0,3
3,0,0,0,3,50,4
3,0,0,0,4,25,4
3,0,0,1,0,0,1
3,0,0,1,1,0,3
3,0,0,1,2,0,3
3,0,0,1,3,0,1
3,0,0,1,4,0,2
3,0,0,2,2,50,2
3,0,0,2,3,33.3333333333333,6
3,0,0,3,0,0,1
3,0,0,3,1,50,2
3,0,0,3,2,50,2
3,0,0,3,3,33.3333333333333,3
3,0,0,3,4,0,1
3,0,0,4,0,0,1
3,0,0,4,3,0,1
3,0,1,0,0,0,1
3,0,1,0,1,33.3333333333333,3
3,0,1,0,3,0,2
3,0,1,1,1,0,1
3,0,1,1,2,50,2
3,0,1,1,4,0,1
3,0,1,3,2,100,1
3,0,1,4,1,0,1
3,0,1,4,4,0,1
3,0,2,0,0,0,2
3,0,2,0,1,33.3333333333333,3
3,0,2,0,2,33.3333333333333,3
3,0,2,1,1,0,1
3,0,2,1,2,0,1
3,0,2,1,3,33.3333333333333,3
3,0,2,1,4,0,1
3,0,2,2,1,100,1
3,0,2,2,2,0,1
3,0,2,3,2,0,1
3,0,2,3,3,0,1
3,0,3,0,1,50,4
3,0,3,0,2,100,2
3,0,3,0,3,100,1
3,0,3,0,4,100,1
3,0,3,1,1,0,1
3,0,3,1,2,0,1
3,0,3,1,3,0,1
3,0,3,2,1,0,1
3,0,3,2,3,0,1
3,0,3,3,0,0,2
3,0,3,3,1,100,1
3,0,3,3,2,100,1
3,0,4,0,0,0,1
3,0,4,0,1,50,2
3,0,4,0,3,100,1
3,0,4,0,4,0,1
3,0,4,1,1,0,1
3,0,4,1,4,100,2
3,0,4,2,0,0,1
3,0,4,2,1,50,2
3,0,4,2,2,50,2
3,0,4,3,4,0,1
3,1,0,0,0,22.2222222222222,9
3,1,0,0,1,24,50
3,1,0,0,2,42.8571428571429,21
3,1,0,0,3,44.4444444444444,27
3,1,0,0,4,66.6666666666667,3
3,1,0,1,0,50,2
3,1,0,1,1,11.7647058823529,17
3,1,0,1,2,55.5555555555556,18
3,1,0,1,3,37.5,8
3,1,0,1,4,66.6666666666667,3
3,1,0,2,1,50,10
3,1,0,2,2,11.1111111111111,9
3,1,0,2,3,42.8571428571429,14
3,1,0,2,4,75,4
3,1,0,3,0,0,1
3,1,0,3,1,37.5,8
3,1,0,3,2,37.5,16
3,1,0,3,3,71.4285714285714,14
3,1,0,4,1,66.6666666666667,6
3,1,0,4,2,20,5
3,1,0,4,3,44.4444444444444,9
3,1,1,0,0,0,3
3,1,1,0,1,33.3333333333333,15
3,1,1,0,2,30,10
3,1,1,0,3,50,8
3,1,1,0,4,100,1
3,1,1,1,1,16.6666666666667,6
3,1,1,1,2,50,6
3,1,1,1,3,50,4
3,1,1,1,4,100,1
3,1,1,2,1,50,4
3,1,1,2,2,50,8
3,1,1,2,3,66.6666666666667,6
3,1,1,2,4,100,2
3,1,1,3,1,50,6
3,1,1,3,2,40,5
3,1,1,3,3,83.3333333333333,6
3,1,1,3,4,100,1
3,1,1,4,0,100,1
3,1,1,4,1,100,2
3,1,1,4,2,0,1
3,1,1,4,3,33.3333333333333,3
3,1,1,4,4,33.3333333333333,3
3,1,2,0,0,20,5
3,1,2,0,1,22.5806451612903,31
3,1,2,0,2,41.6666666666667,12
3,1,2,0,3,37.5,16
3,1,2,0,4,75,4
3,1,2,1,1,45.4545454545455,11
3,1,2,1,2,60,5
3,1,2,1,3,10,10
3,1,2,2,1,63.6363636363636,11
3,1,2,2,2,20,5
3,1,2,2,3,66.6666666666667,3
3,1,2,2,4,100,3
3,1,2,3,1,0,5
3,1,2,3,2,45.4545454545455,11
3,1,2,3,3,85.7142857142857,7
3,1,2,3,4,75,4
3,1,2,4,1,28.5714285714286,7
3,1,2,4,2,20,5
3,1,2,4,3,75,4
3,1,2,4,4,100,1
3,1,3,0,0,0,3
3,1,3,0,1,20,5
3,1,3,0,2,27.2727272727273,11
3,1,3,0,3,40,5
3,1,3,0,4,60,5
3,1,3,1,0,50,2
3,1,3,1,1,42.8571428571429,7
3,1,3,1,2,60,5
3,1,3,1,3,14.2857142857143,7
3,1,3,1,4,0,1
3,1,3,2,0,0,1
3,1,3,2,1,66.6666666666667,6
3,1,3,2,2,83.3333333333333,6
3,1,3,2,3,25,4
3,1,3,2,4,100,1
3,1,3,3,0,100,1
3,1,3,3,1,50,4
3,1,3,3,2,80,5
3,1,3,3,3,80,5
3,1,3,3,4,100,1
3,1,3,4,1,100,3
3,1,3,4,2,50,2
3,1,3,4,3,75,4
3,1,3,4,4,66.6666666666667,3
3,1,4,0,0,0,1
3,1,4,0,1,40,5
3,1,4,0,2,33.3333333333333,3
3,1,4,0,3,50,2
3,1,4,1,1,100,2
3,1,4,1,2,50,2
3,1,4,1,3,50,2
3,1,4,1,4,0,1
3,1,4,2,1,50,6
3,1,4,2,2,0,2
3,1,4,2,3,100,1
3,1,4,3,1,100,1
3,1,4,3,2,100,2
3,1,4,3,3,0,1
3,1,4,4,2,0,1
3,1,4,4,3,100,2
3,1,4,4,4,100,1
3,2,0,0,0,39.4736842105263,38
3,2,0,0,1,53.6312849162011,179
3,2,0,0,2,62.2047244094488,127
3,2,0,0,3,58.3333333333333,132
3,2,0,0,4,61.9047619047619,63
3,2,0,1,0,33.3333333333333,6
3,2,0,1,1,45.7831325301205,83
3,2,0,1,2,50.6849315068493,73
3,2,0,1,3,60.9195402298851,87
3,2,0,1,4,73.3333333333333,30
3,2,0,2,0,50,2
3,2,0,2,1,54.6875,128
3,2,0,2,2,61.7283950617284,81
3,2,0,2,3,65.0485436893204,103
3,2,0,2,4,69.2307692307692,26
3,2,0,3,0,100,2
3,2,0,3,1,58.2417582417583,91
3,2,0,3,2,62.6262626262626,99
3,2,0,3,3,76.3157894736842,114
3,2,0,3,4,81.5789473684211,38
3,2,0,4,0,25,4
3,2,0,4,1,61.7021276595745,47
3,2,0,4,2,76.271186440678,59
3,2,0,4,3,84.5360824742268,97
3,2,0,4,4,71.0526315789474,38
3,2,1,0,0,14.2857142857143,7
3,2,1,0,1,46.1538461538462,65
3,2,1,0,2,58.3333333333333,48
3,2,1,0,3,54.7619047619048,42
3,2,1,0,4,71.4285714285714,14
3,2,1,1,0,25,4
3,2,1,1,1,43.4782608695652,46
3,2,1,1,2,56.25,32
3,2,1,1,3,59.2592592592593,27
3,2,1,1,4,44.4444444444444,9
3,2,1,2,0,50,2
3,2,1,2,1,60,30
3,2,1,2,2,71.1111111111111,45
3,2,1,2,3,71.4285714285714,49
3,2,1,2,4,85.7142857142857,14
3,2,1,3,1,56.25,32
3,2,1,3,2,76.1904761904762,42
3,2,1,3,3,75,48
3,2,1,3,4,76.4705882352941,17
3,2,1,4,0,0,1
3,2,1,4,1,50,22
3,2,1,4,2,82.6086956521739,23
3,2,1,4,3,81.5789473684211,38
3,2,1,4,4,100,12
3,2,2,0,0,16.6666666666667,6
3,2,2,0,1,46.6019417475728,103
3,2,2,0,2,59.7014925373134,67
3,2,2,0,3,54.7945205479452,73
3,2,2,0,4,87.5,16
3,2,2,1,0,66.6666666666667,3
3,2,2,1,1,54.5454545454545,55
3,2,2,1,2,58.8235294117647,34
3,2,2,1,3,61.5384615384615,39
3,2,2,1,4,68.421052631579,19
3,2,2,2,0,33.3333333333333,3
3,2,2,2,1,50,62
3,2,2,2,2,70.7317073170732,41
3,2,2,2,3,61.5384615384615,52
3,2,2,2,4,75,16
3,2,2,3,0,25,4
3,2,2,3,1,45.945945945946,37
3,2,2,3,2,53.4883720930233,43
3,2,2,3,3,79.6875,64
3,2,2,3,4,79.3103448275862,29
3,2,2,4,1,72.972972972973,37
3,2,2,4,2,63.1578947368421,38
3,2,2,4,3,87.5,48
3,2,2,4,4,88.4615384615385,26
3,2,3,0,0,53.3333333333333,15
3,2,3,0,1,63.3802816901409,71
3,2,3,0,2,70.5882352941177,51
3,2,3,0,3,68.8888888888889,45
3,2,3,0,4,62.5,16
3,2,3,1,0,80,5
3,2,3,1,1,58.5365853658537,41
3,2,3,1,2,62.0689655172414,29
3,2,3,1,3,78.3783783783784,37
3,2,3,1,4,75,16
3,2,3,2,0,100,1
3,2,3,2,1,71.0526315789474,38
3,2,3,2,2,66.6666666666667,42
3,2,3,2,3,63.3333333333333,30
3,2,3,2,4,84.6153846153846,13
3,2,3,3,0,0,1
3,2,3,3,1,73.5294117647059,34
3,2,3,3,2,77.5,40
3,2,3,3,3,73.5294117647059,34
3,2,3,3,4,90.9090909090909,11
3,2,3,4,0,100,3
3,2,3,4,1,89.4736842105263,19
3,2,3,4,2,76.1904761904762,21
3,2,3,4,3,100,27
3,2,3,4,4,94.4444444444444,18
3,2,4,0,0,100,7
3,2,4,0,1,79.1666666666667,48
3,2,4,0,2,85.7142857142857,21
3,2,4,0,3,77.7777777777778,18
3,2,4,0,4,70,10
3,2,4,1,0,50,2
3,2,4,1,1,78.2608695652174,23
3,2,4,1,2,68.75,16
3,2,4,1,3,90.9090909090909,11
3,2,4,1,4,88.8888888888889,9
3,2,4,2,0,100,1
3,2,4,2,1,87.5,16
3,2,4,2,2,70.5882352941177,17
3,2,4,2,3,86.3636363636364,22
3,2,4,2,4,87.5,8
3,2,4,3,0,100,1
3,2,4,3,1,77.7777777777778,9
3,2,4,3,2,100,14
3,2,4,3,3,87.5,8
3,2,4,3,4,100,7
3,2,4,4,1,60,10
3,2,4,4,2,75,8
3,2,4,4,3,100,3
3,2,4,4,4,100,3
4,0,0,0,0,28.5714285714286,7
4,0,0,0,1,11.1111111111111,18
4,0,0,0,2,28.5714285714286,7
4,0,0,0,3,37.5,8
4,0,0,0,4,0,2
4,0,0,1,0,0,2
4,0,0,1,1,25,8
4,0,0,1,2,33.3333333333333,3
4,0,0,1,3,50,2
4,0,0,2,1,25,4
4,0,0,2,2,66.6666666666667,3
4,0,0,2,3,0,1
4,0,0,2,4,0,1
4,0,0,3,1,0,3
4,0,0,3,2,33.3333333333333,3
4,0,0,3,3,100,2
4,0,0,3,4,0,1
4,0,0,4,1,100,2
4,0,0,4,2,50,2
4,0,0,4,3,66.6666666666667,3
4,0,0,4,4,0,1
4,0,1,0,0,0,2
4,0,1,0,1,25,4
4,0,1,0,2,25,4
4,0,1,0,3,0,3
4,0,1,0,4,0,2
4,0,1,1,1,0,4
4,0,1,1,2,0,1
4,0,1,2,1,0,1
4,0,1,2,2,66.6666666666667,3
4,0,1,2,3,0,1
4,0,1,2,4,0,2
4,0,1,3,0,0,1
4,0,1,3,1,25,4
4,0,1,3,2,0,1
4,0,1,3,3,100,1
4,0,1,4,2,100,2
4,0,1,4,3,0,1
4,0,2,0,0,0,2
4,0,2,0,1,9.09090909090909,11
4,0,2,0,2,100,2
4,0,2,0,3,50,2
4,0,2,0,4,50,4
4,0,2,1,0,100,1
4,0,2,1,1,25,4
4,0,2,1,2,0,2
4,0,2,1,4,33.3333333333333,3
4,0,2,2,1,25,4
4,0,2,2,2,50,2
4,0,2,2,3,0,3
4,0,2,3,1,0,2
4,0,2,3,2,100,2
4,0,2,3,3,50,4
4,0,2,3,4,100,1
4,0,2,4,1,50,2
4,0,3,0,0,66.6666666666667,3
4,0,3,0,1,33.3333333333333,6
4,0,3,0,2,25,4
4,0,3,0,3,40,5
4,0,3,1,1,0,5
4,0,3,1,3,0,1
4,0,3,2,0,0,1
4,0,3,2,1,0,1
4,0,3,2,2,33.3333333333333,3
4,0,3,2,3,0,1
4,0,3,3,1,0,3
4,0,3,3,2,100,1
4,0,3,4,2,100,1
4,0,3,4,3,100,1
4,0,3,4,4,100,1
4,0,4,0,1,33.3333333333333,3
4,0,4,0,2,50,6
4,0,4,0,3,50,2
4,0,4,0,4,50,2
4,0,4,1,1,33.3333333333333,3
4,0,4,1,3,100,1
4,0,4,1,4,100,1
4,0,4,2,0,100,1
4,0,4,2,1,0,2
4,0,4,2,2,50,2
4,0,4,2,3,0,1
4,0,4,3,1,100,1
4,0,4,3,3,0,1
4,0,4,4,1,50,2
4,0,4,4,2,100,1
4,1,0,0,0,25,12
4,1,0,0,1,27.2727272727273,66
4,1,0,0,2,30.4347826086957,23
4,1,0,0,3,40,30
4,1,0,0,4,44.4444444444444,9
4,1,0,1,0,0,3
4,1,0,1,1,30.5555555555556,36
4,1,0,1,2,16,25
4,1,0,1,3,50,14
4,1,0,1,4,50,6
4,1,0,2,0,20,5
4,1,0,2,1,25.9259259259259,27
4,1,0,2,2,43.75,16
4,1,0,2,3,37.5,16
4,1,0,2,4,75,4
4,1,0,3,0,0,1
4,1,0,3,1,65.2173913043478,23
4,1,0,3,2,50,16
4,1,0,3,3,61.1111111111111,18
4,1,0,3,4,44.4444444444444,9
4,1,0,4,1,45.4545454545455,11
4,1,0,4,2,45.4545454545455,11
4,1,0,4,3,47.0588235294118,17
4,1,0,4,4,60,5
4,1,1,0,0,11.1111111111111,9
4,1,1,0,1,27.2727272727273,33
4,1,1,0,2,15.3846153846154,13
4,1,1,0,3,66.6666666666667,9
4,1,1,0,4,100,3
4,1,1,1,0,0,1
4,1,1,1,1,42.1052631578947,19
4,1,1,1,2,28.5714285714286,14
4,1,1,1,3,36.3636363636364,11
4,1,1,1,4,100,2
4,1,1,2,0,100,1
4,1,1,2,1,15,20
4,1,1,2,2,28.5714285714286,7
4,1,1,2,3,45.4545454545455,11
4,1,1,2,4,100,1
4,1,1,3,1,57.1428571428571,7
4,1,1,3,2,40,10
4,1,1,3,3,57.1428571428571,7
4,1,1,3,4,0,4
4,1,1,4,0,0,2
4,1,1,4,1,50,10
4,1,1,4,2,25,4
4,1,1,4,3,33.3333333333333,6
4,1,2,0,0,33.3333333333333,12
4,1,2,0,1,27.4509803921569,51
4,1,2,0,2,25,28
4,1,2,0,3,50,18
4,1,2,0,4,28.5714285714286,7
4,1,2,1,0,0,3
4,1,2,1,1,30.7692307692308,26
4,1,2,1,2,16.6666666666667,6
4,1,2,1,3,25,12
4,1,2,1,4,40,5
4,1,2,2,0,25,4
4,1,2,2,1,27.2727272727273,22
4,1,2,2,2,33.3333333333333,12
4,1,2,2,3,33.3333333333333,9
4,1,2,2,4,0,2
4,1,2,3,0,33.3333333333333,3
4,1,2,3,1,42.8571428571429,21
4,1,2,3,2,70,10
4,1,2,3,3,75,4
4,1,2,3,4,50,2
4,1,2,4,0,100,1
4,1,2,4,1,0,7
4,1,2,4,2,33.3333333333333,3
4,1,2,4,3,50,14
4,1,2,4,4,100,3
4,1,3,0,0,16.6666666666667,6
4,1,3,0,1,31.0344827586207,29
4,1,3,0,2,76.9230769230769,13
4,1,3,0,3,69.2307692307692,13
4,1,3,0,4,0,4
4,1,3,1,0,33.3333333333333,3
4,1,3,1,1,14.2857142857143,14
4,1,3,1,2,20,5
4,1,3,1,3,50,6
4,1,3,1,4,25,4
4,1,3,2,0,50,2
4,1,3,2,1,36.8421052631579,19
4,1,3,2,2,63.6363636363636,11
4,1,3,2,3,66.6666666666667,9
4,1,3,2,4,57.1428571428571,7
4,1,3,3,0,0,2
4,1,3,3,1,33.3333333333333,12
4,1,3,3,2,76.9230769230769,13
4,1,3,3,3,60,5
4,1,3,3,4,0,1
4,1,3,4,1,66.6666666666667,9
4,1,3,4,2,81.8181818181818,11
4,1,3,4,3,66.6666666666667,9
4,1,3,4,4,75,4
4,1,4,0,0,0,3
4,1,4,0,1,54.1666666666667,24
4,1,4,0,2,80,10
4,1,4,0,3,100,6
4,1,4,0,4,66.6666666666667,3
4,1,4,1,0,50,2
4,1,4,1,1,50,10
4,1,4,1,2,66.6666666666667,6
4,1,4,1,3,50,4
4,1,4,1,4,100,3
4,1,4,2,1,57.1428571428571,7
4,1,4,2,2,25,4
4,1,4,2,3,66.6666666666667,3
4,1,4,2,4,100,1
4,1,4,3,0,50,2
4,1,4,3,1,14.2857142857143,7
4,1,4,3,2,66.6666666666667,3
4,1,4,3,3,33.3333333333333,3
4,1,4,3,4,0,1
4,1,4,4,0,0,1
4,1,4,4,1,100,3
4,1,4,4,2,100,1
4,1,4,4,3,100,1
4,2,0,0,0,39.3939393939394,33
4,2,0,0,1,47.8632478632479,234
4,2,0,0,2,50.5376344086022,93
4,2,0,0,3,64.1509433962264,106
4,2,0,0,4,72.2222222222222,36
4,2,0,1,0,16.6666666666667,12
4,2,0,1,1,47.1264367816092,87
4,2,0,1,2,55.2238805970149,67
4,2,0,1,3,48.4375,64
4,2,0,1,4,52.3809523809524,21
4,2,0,2,0,42.8571428571429,14
4,2,0,2,1,50,132
4,2,0,2,2,55.4054054054054,74
4,2,0,2,3,65.6862745098039,102
4,2,0,2,4,69.0476190476191,42
4,2,0,3,0,40,5
4,2,0,3,1,54.1666666666667,144
4,2,0,3,2,68.2926829268293,123
4,2,0,3,3,77.3049645390071,141
4,2,0,3,4,73.9130434782609,46
4,2,0,4,0,11.1111111111111,9
4,2,0,4,1,58.3333333333333,120
4,2,0,4,2,70.3389830508475,118
4,2,0,4,3,84.8314606741573,178
4,2,0,4,4,84.0579710144928,69
4,2,1,0,0,33.3333333333333,9
4,2,1,0,1,50.6172839506173,81
4,2,1,0,2,52.1739130434783,46
4,2,1,0,3,57.5,40
4,2,1,0,4,37.5,8
4,2,1,1,0,33.3333333333333,6
4,2,1,1,1,41.025641025641,39
4,2,1,1,2,38.2352941176471,34
4,2,1,1,3,52.7777777777778,36
4,2,1,1,4,50,6
4,2,1,2,1,36.734693877551,49
4,2,1,2,2,61.9047619047619,63
4,2,1,2,3,72.2222222222222,36
4,2,1,2,4,68.421052631579,19
4,2,1,3,0,0,1
4,2,1,3,1,60,65
4,2,1,3,2,76,50
4,2,1,3,3,75.8620689655172,58
4,2,1,3,4,65.2173913043478,23
4,2,1,4,0,11.1111111111111,9
4,2,1,4,1,65.8536585365854,41
4,2,1,4,2,78,50
4,2,1,4,3,82.258064516129,62
4,2,1,4,4,77.2727272727273,22
4,2,2,0,0,20,20
4,2,2,0,1,46.8354430379747,158
4,2,2,0,2,53.0120481927711,83
4,2,2,0,3,62.3188405797101,69
4,2,2,0,4,64.2857142857143,14
4,2,2,1,0,50,8
4,2,2,1,1,37.6811594202899,69
4,2,2,1,2,47.4576271186441,59
4,2,2,1,3,53.7037037037037,54
4,2,2,1,4,78.5714285714286,14
4,2,2,2,0,54.5454545454545,11
4,2,2,2,1,52.2727272727273,88
4,2,2,2,2,54.2857142857143,70
4,2,2,2,3,72,50
4,2,2,2,4,78.2608695652174,23
4,2,2,3,0,33.3333333333333,3
4,2,2,3,1,60.7142857142857,84
4,2,2,3,2,63.768115942029,69
4,2,2,3,3,74.4186046511628,86
4,2,2,3,4,62.0689655172414,29
4,2,2,4,0,50,2
4,2,2,4,1,69.5652173913043,69
4,2,2,4,2,82.7586206896552,58
4,2,2,4,3,81.4432989690722,97
4,2,2,4,4,87.8787878787879,33
4,2,3,0,0,46.1538461538462,13
4,2,3,0,1,47.6635514018692,107
4,2,3,0,2,63.6363636363636,55
4,2,3,0,3,55.7692307692308,52
4,2,3,0,4,57.8947368421053,19
4,2,3,1,0,28.5714285714286,7
4,2,3,1,1,54.6875,64
4,2,3,1,2,65.2173913043478,23
4,2,3,1,3,61.7647058823529,34
4,2,3,1,4,71.4285714285714,7
4,2,3,2,0,33.3333333333333,3
4,2,3,2,1,55.8823529411765,68
4,2,3,2,2,71.0526315789474,38
4,2,3,2,3,71.4285714285714,42
4,2,3,2,4,53.3333333333333,15
4,2,3,3,0,50,2
4,2,3,3,1,80.8823529411765,68
4,2,3,3,2,77.7777777777778,54
4,2,3,3,3,79.7297297297297,74
4,2,3,3,4,83.8709677419355,31
4,2,3,4,0,33.3333333333333,3
4,2,3,4,1,71.7391304347826,46
4,2,3,4,2,88.2352941176471,51
4,2,3,4,3,85.7142857142857,63
4,2,3,4,4,81.4814814814815,27
4,2,4,0,0,60,10
4,2,4,0,1,75.5102040816327,49
4,2,4,0,2,75,36
4,2,4,0,3,75,20
4,2,4,0,4,90.9090909090909,11
4,2,4,1,0,66.6666666666667,3
4,2,4,1,1,63.8888888888889,36
4,2,4,1,2,72.2222222222222,18
4,2,4,1,3,100,13
4,2,4,1,4,73.3333333333333,15
4,2,4,2,0,0,1
4,2,4,2,1,62.5,24
4,2,4,2,2,66.6666666666667,24
4,2,4,2,3,80,25
4,2,4,2,4,88.8888888888889,9
4,2,4,3,1,66.6666666666667,21
4,2,4,3,2,85.7142857142857,14
4,2,4,3,3,80,20
4,2,4,3,4,100,10
4,2,4,4,0,50,2
4,2,4,4,1,81.8181818181818,11
4,2,4,4,2,87.5,16
4,2,4,4,3,73.6842105263158,19
4,2,4,4,4,100,12
5,0,0,0,0,0,13
5,0,0,0,1,18.1818181818182,22
5,0,0,0,2,36.3636363636364,11
5,0,0,0,3,20,10
5,0,0,0,4,40,5
5,0,0,1,0,0,3
5,0,0,1,1,23.0769230769231,13
5,0,0,1,2,40,5
5,0,0,1,3,0,2
5,0,0,1,4,50,2
5,0,0,2,0,0,3
5,0,0,2,1,50,6
5,0,0,2,2,0,5
5,0,0,2,3,80,5
5,0,0,2,4,0,1
5,0,0,3,1,40,10
5,0,0,3,2,37.5,8
5,0,0,3,3,50,6
5,0,0,3,4,100,2
5,0,0,4,1,0,5
5,0,0,4,2,60,5
5,0,0,4,3,20,5
5,0,0,4,4,100,1
5,0,1,0,0,0,4
5,0,1,0,1,9.09090909090909,11
5,0,1,0,2,0,5
5,0,1,0,3,0,3
5,0,1,0,4,100,1
5,0,1,1,0,0,1
5,0,1,1,2,0,1
5,0,1,1,3,0,3
5,0,1,2,0,0,1
5,0,1,2,1,0,2
5,0,1,2,2,25,4
5,0,1,2,3,66.6666666666667,6
5,0,1,2,4,50,2
5,0,1,3,1,66.6666666666667,3
5,0,1,3,2,33.3333333333333,3
5,0,1,3,4,100,1
5,0,1,4,2,50,2
5,0,1,4,4,100,1
5,0,2,0,0,0,5
5,0,2,0,1,19.2307692307692,26
5,0,2,0,2,50,4
5,0,2,0,3,50,8
5,0,2,0,4,25,4
5,0,2,1,0,25,4
5,0,2,1,1,21.4285714285714,14
5,0,2,1,2,0,1
5,0,2,1,3,40,5
5,0,2,1,4,100,1
5,0,2,2,1,66.6666666666667,9
5,0,2,2,2,100,3
5,0,2,2,3,50,4
5,0,2,2,4,66.6666666666667,3
5,0,2,3,1,20,5
5,0,2,3,2,50,2
5,0,2,3,3,66.6666666666667,3
5,0,2,3,4,100,1
5,0,2,4,1,0,1
5,0,2,4,2,100,2
5,0,3,0,0,50,2
5,0,3,0,1,18.75,16
5,0,3,0,2,33.3333333333333,3
5,0,3,0,3,42.8571428571429,7
5,0,3,0,4,66.6666666666667,3
5,0,3,1,0,0,2
5,0,3,1,1,12.5,8
5,0,3,1,2,0,2
5,0,3,1,3,33.3333333333333,3
5,0,3,1,4,50,2
5,0,3,2,0,50,2
5,0,3,2,1,66.6666666666667,3
5,0,3,2,2,25,4
5,0,3,2,3,0,1
5,0,3,2,4,50,2
5,0,3,3,1,66.6666666666667,3
5,0,3,3,2,0,2
5,0,3,3,3,100,1
5,0,3,3,4,100,1
5,0,3,4,1,0,4
5,0,3,4,2,60,5
5,0,3,4,3,100,1
5,0,3,4,4,66.6666666666667,3
5,0,4,0,0,25,4
5,0,4,0,1,30,20
5,0,4,0,2,100,1
5,0,4,0,3,0,1
5,0,4,0,4,0,1
5,0,4,1,1,66.6666666666667,3
5,0,4,1,2,0,1
5,0,4,2,1,0,1
5,0,4,2,2,0,1
5,0,4,2,3,33.3333333333333,3
5,0,4,3,1,0,1
5,0,4,3,3,0,2
5,0,4,3,4,100,1
5,0,4,4,3,0,2
5,1,0,0,0,8.69565217391304,23
5,1,0,0,1,27.9411764705882,68
5,1,0,0,2,31.9148936170213,47
5,1,0,0,3,36.6666666666667,30
5,1,0,0,4,25,8
5,1,0,1,0,33.3333333333333,6
5,1,0,1,1,24.1379310344828,29
5,1,0,1,2,37.5,8
5,1,0,1,3,43.75,16
5,1,0,1,4,66.6666666666667,3
5,1,0,2,0,0,3
5,1,0,2,1,46.4285714285714,28
5,1,0,2,2,42.1052631578947,19
5,1,0,2,3,54.5454545454545,22
5,1,0,2,4,20,5
5,1,0,3,0,57.1428571428571,7
5,1,0,3,1,59.2592592592593,27
5,1,0,3,2,50,12
5,1,0,3,3,68.421052631579,19
5,1,0,3,4,66.6666666666667,9
5,1,0,4,0,0,1
5,1,0,4,1,57.1428571428571,14
5,1,0,4,2,71.4285714285714,14
5,1,0,4,3,43.4782608695652,23
5,1,0,4,4,66.6666666666667,6
5,1,1,0,0,41.6666666666667,12
5,1,1,0,1,18.8679245283019,53
5,1,1,0,2,37.5,16
5,1,1,0,3,44.4444444444444,9
5,1,1,0,4,0,6
5,1,1,1,0,0,2
5,1,1,1,1,11.1111111111111,18
5,1,1,1,2,41.6666666666667,12
5,1,1,1,3,20,5
5,1,1,1,4,0,3
5,1,1,2,0,0,3
5,1,1,2,1,28.5714285714286,14
5,1,1,2,2,60,5
5,1,1,2,3,14.2857142857143,7
5,1,1,2,4,0,1
5,1,1,3,0,33.3333333333333,3
5,1,1,3,1,25,12
5,1,1,3,2,0,4
5,1,1,3,3,64.2857142857143,14
5,1,1,3,4,66.6666666666667,3
5,1,1,4,0,0,5
5,1,1,4,1,36.3636363636364,11
5,1,1,4,2,28.5714285714286,7
5,1,1,4,3,66.6666666666667,12
5,1,1,4,4,100,3
5,1,2,0,0,26.3157894736842,19
5,1,2,0,1,26.0869565217391,69
5,1,2,0,2,41.9354838709677,31
5,1,2,0,3,42.8571428571429,28
5,1,2,0,4,20,5
5,1,2,1,0,33.3333333333333,3
5,1,2,1,1,50,32
5,1,2,1,2,13.3333333333333,15
5,1,2,1,3,56.25,16
5,1,2,1,4,100,4
5,1,2,2,0,0,3
5,1,2,2,1,34.2857142857143,35
5,1,2,2,2,17.6470588235294,17
5,1,2,2,3,50,16
5,1,2,2,4,80,5
5,1,2,3,0,33.3333333333333,3
5,1,2,3,1,52.1739130434783,23
5,1,2,3,2,81.8181818181818,11
5,1,2,3,3,63.1578947368421,19
5,1,2,3,4,75,4
5,1,2,4,0,50,2
5,1,2,4,1,37.5,24
5,1,2,4,2,62.5,16
5,1,2,4,3,60,10
5,1,2,4,4,75,8
5,1,3,0,0,36.3636363636364,11
5,1,3,0,1,38.8888888888889,54
5,1,3,0,2,45,20
5,1,3,0,3,31.5789473684211,19
5,1,3,0,4,57.1428571428571,7
5,1,3,1,0,33.3333333333333,3
5,1,3,1,1,37.5,16
5,1,3,1,2,62.5,8
5,1,3,1,3,66.6666666666667,12
5,1,3,1,4,100,1
5,1,3,2,0,0,1
5,1,3,2,1,47.8260869565217,23
5,1,3,2,2,27.2727272727273,11
5,1,3,2,3,63.1578947368421,19
5,1,3,2,4,50,2
5,1,3,3,1,45,20
5,1,3,3,2,37.5,16
5,1,3,3,3,43.75,16
5,1,3,3,4,40,5
5,1,3,4,0,100,1
5,1,3,4,1,53.8461538461539,13
5,1,3,4,2,50,10
5,1,3,4,3,0,4
5,1,3,4,4,57.1428571428571,7
5,1,4,0,0,40,5
5,1,4,0,1,52.9411764705882,17
5,1,4,0,2,38.4615384615385,13
5,1,4,0,3,28.5714285714286,14
5,1,4,0,4,50,10
5,1,4,1,0,0,1
5,1,4,1,1,44.4444444444444,9
5,1,4,1,2,57.1428571428571,7
5,1,4,1,3,50,4
5,1,4,1,4,75,4
5,1,4,2,0,25,4
5,1,4,2,1,60,5
5,1,4,2,2,83.3333333333333,6
5,1,4,2,3,100,5
5,1,4,2,4,100,5
5,1,4,3,1,33.3333333333333,3
5,1,4,3,2,75,4
5,1,4,3,3,100,1
5,1,4,3,4,50,2
5,1,4,4,0,100,1
5,1,4,4,1,75,4
5,1,4,4,2,0,3
5,1,4,4,3,100,4
5,1,4,4,4,50,2
5,2,0,0,0,43.4782608695652,23
5,2,0,0,1,44.8484848484849,165
5,2,0,0,2,52.5,80
5,2,0,0,3,53.3333333333333,60
5,2,0,0,4,57.8947368421053,19
5,2,0,1,0,33.3333333333333,9
5,2,0,1,1,42.3076923076923,78
5,2,0,1,2,53.125,32
5,2,0,1,3,48.7804878048781,41
5,2,0,1,4,58.3333333333333,12
5,2,0,2,0,50,12
5,2,0,2,1,55.4347826086957,92
5,2,0,2,2,59.3220338983051,59
5,2,0,2,3,68.8524590163934,61
5,2,0,2,4,72.4137931034483,29
5,2,0,3,0,16.6666666666667,6
5,2,0,3,1,60.6741573033708,89
5,2,0,3,2,66.6666666666667,90
5,2,0,3,3,72.6190476190476,84
5,2,0,3,4,79.3103448275862,29
5,2,0,4,0,100,1
5,2,0,4,1,66.0194174757282,103
5,2,0,4,2,72.4137931034483,87
5,2,0,4,3,82.5242718446602,103
5,2,0,4,4,73.6842105263158,38
5,2,1,0,0,11.1111111111111,9
5,2,1,0,1,52.9411764705882,68
5,2,1,0,2,36.8421052631579,38
5,2,1,0,3,43.3333333333333,30
5,2,1,0,4,28.5714285714286,7
5,2,1,1,0,100,3
5,2,1,1,1,48.3870967741936,31
5,2,1,1,2,50,22
5,2,1,1,3,54.5454545454545,22
5,2,1,1,4,62.5,8
5,2,1,2,0,100,1
5,2,1,2,1,55.8823529411765,34
5,2,1,2,2,40.7407407407407,27
5,2,1,2,3,59.4594594594595,37
5,2,1,2,4,66.6666666666667,3
5,2,1,3,0,0,2
5,2,1,3,1,65.8536585365854,41
5,2,1,3,2,46.4285714285714,28
5,2,1,3,3,66.6666666666667,36
5,2,1,3,4,73.3333333333333,15
5,2,1,4,0,40,5
5,2,1,4,1,55.1020408163265,49
5,2,1,4,2,77.1428571428572,35
5,2,1,4,3,77.0833333333333,48
5,2,1,4,4,93.75,16
5,2,2,0,0,42.3076923076923,26
5,2,2,0,1,45.1327433628319,113
5,2,2,0,2,45.0704225352113,71
5,2,2,0,3,53.5714285714286,56
5,2,2,0,4,66.6666666666667,15
5,2,2,1,0,28.5714285714286,7
5,2,2,1,1,50.8474576271186,59
5,2,2,1,2,56.7567567567568,37
5,2,2,1,3,63.6363636363636,44
5,2,2,1,4,88.8888888888889,9
5,2,2,2,0,66.6666666666667,3
5,2,2,2,1,50.7246376811594,69
5,2,2,2,2,63.0434782608696,46
5,2,2,2,3,61.3636363636364,44
5,2,2,2,4,80,10
5,2,2,3,0,40,5
5,2,2,3,1,59.7701149425287,87
5,2,2,3,2,62.5,56
5,2,2,3,3,71.6417910447761,67
5,2,2,3,4,66.6666666666667,18
5,2,2,4,0,50,4
5,2,2,4,1,65.7142857142857,70
5,2,2,4,2,80,60
5,2,2,4,3,73.6111111111111,72
5,2,2,4,4,86.2068965517241,29
5,2,3,0,0,40,10
5,2,3,0,1,45,60
5,2,3,0,2,65.3846153846154,52
5,2,3,0,3,65,40
5,2,3,0,4,83.3333333333333,18
5,2,3,1,0,37.5,8
5,2,3,1,1,57.1428571428571,42
5,2,3,1,2,42.3076923076923,26
5,2,3,1,3,50,22
5,2,3,1,4,62.5,8
5,2,3,2,0,50,4
5,2,3,2,1,56,50
5,2,3,2,2,50,24
5,2,3,2,3,83.3333333333333,42
5,2,3,2,4,66.6666666666667,15
5,2,3,3,0,66.6666666666667,6
5,2,3,3,1,71.1538461538462,52
5,2,3,3,2,74.4186046511628,43
5,2,3,3,3,76.5625,64
5,2,3,3,4,80,15
5,2,3,4,0,0,1
5,2,3,4,1,76.5957446808511,47
5,2,3,4,2,82.3529411764706,34
5,2,3,4,3,91.044776119403,67
5,2,3,4,4,72.7272727272727,22
5,2,4,0,0,50,6
5,2,4,0,1,60.4651162790698,43
5,2,4,0,2,50,8
5,2,4,0,3,63.6363636363636,22
5,2,4,0,4,85.7142857142857,14
5,2,4,1,0,25,4
5,2,4,1,1,68,25
5,2,4,1,2,90.9090909090909,11
5,2,4,1,3,81.25,16
5,2,4,1,4,75,12
5,2,4,2,0,50,2
5,2,4,2,1,68.421052631579,19
5,2,4,2,2,70,10
5,2,4,2,3,75,20
5,2,4,2,4,71.4285714285714,7
5,2,4,3,0,100,3
5,2,4,3,1,72.2222222222222,18
5,2,4,3,2,90.9090909090909,11
5,2,4,3,3,78.5714285714286,14
5,2,4,3,4,88.8888888888889,9
5,2,4,4,0,25,4
5,2,4,4,1,71.4285714285714,14
5,2,4,4,2,100,7
5,2,4,4,3,94.4444444444444,18
5,2,4,4,4,80,10
6,0,0,0,0,8.69565217391304,23
6,0,0,0,1,14,50
6,0,0,0,2,13.3333333333333,15
6,0,0,0,3,14.2857142857143,14
6,0,0,0,4,44.4444444444444,9
6,0,0,1,0,12.5,8
6,0,0,1,1,13.7931034482759,29
6,0,0,1,2,40,10
6,0,0,1,3,62.5,8
6,0,0,1,4,0,2
6,0,0,2,0,0,2
6,0,0,2,1,37.5,8
6,0,0,2,2,20,5
6,0,0,2,3,50,8
6,0,0,2,4,0,1
6,0,0,3,1,20,5
6,0,0,3,2,0,1
6,0,0,3,3,40,5
6,0,0,3,4,100,1
6,0,0,4,1,40,5
6,0,0,4,2,40,5
6,0,0,4,3,33.3333333333333,6
6,0,0,4,4,0,1
6,0,1,0,0,0,9
6,0,1,0,1,11.1111111111111,27
6,0,1,0,2,0,5
6,0,1,0,3,14.2857142857143,7
6,0,1,0,4,50,4
6,0,1,1,0,0,1
6,0,1,1,1,16.6666666666667,6
6,0,1,1,2,0,3
6,0,1,1,3,0,5
6,0,1,2,0,0,1
6,0,1,2,1,25,4
6,0,1,2,2,66.6666666666667,3
6,0,1,2,3,33.3333333333333,3
6,0,1,3,0,0,2
6,0,1,3,1,0,4
6,0,1,3,2,33.3333333333333,3
6,0,1,3,3,50,4
6,0,1,4,1,100,1
6,0,1,4,2,0,2
6,0,1,4,3,0,1
6,0,1,4,4,50,2
6,0,2,0,0,15.3846153846154,13
6,0,2,0,1,13.0434782608696,46
6,0,2,0,2,7.14285714285714,14
6,0,2,0,3,54.1666666666667,24
6,0,2,0,4,16.6666666666667,6
6,0,2,1,0,0,5
6,0,2,1,1,31.5789473684211,19
6,0,2,1,2,14.2857142857143,7
6,0,2,1,3,14.2857142857143,7
6,0,2,1,4,100,1
6,0,2,2,0,100,1
6,0,2,2,1,0,7
6,0,2,2,2,50,2
6,0,2,2,3,40,5
6,0,2,2,4,0,2
6,0,2,3,1,60,5
6,0,2,3,2,50,2
6,0,2,3,3,33.3333333333333,6
6,0,2,3,4,100,1
6,0,2,4,0,0,2
6,0,2,4,1,50,4
6,0,2,4,2,0,2
6,0,2,4,3,100,1
6,0,2,4,4,50,2
6,0,3,0,0,0,11
6,0,3,0,1,22.2222222222222,27
6,0,3,0,2,20,15
6,0,3,0,3,14.2857142857143,14
6,0,3,0,4,80,5
6,0,3,1,0,0,6
6,0,3,1,1,25,12
6,0,3,1,2,40,5
6,0,3,1,3,40,5
6,0,3,1,4,0,3
6,0,3,2,1,18.1818181818182,11
6,0,3,2,2,50,4
6,0,3,2,3,60,5
6,0,3,3,0,0,2
6,0,3,3,1,33.3333333333333,3
6,0,3,3,2,0,1
6,0,3,3,3,66.6666666666667,6
6,0,3,3,4,66.6666666666667,3
6,0,3,4,1,80,5
6,0,3,4,2,100,2
6,0,3,4,3,33.3333333333333,3
6,0,3,4,4,100,2
6,0,4,0,0,35.7142857142857,14
6,0,4,0,1,17.3913043478261,23
6,0,4,0,2,28.5714285714286,7
6,0,4,0,3,12.5,8
6,0,4,0,4,0,1
6,0,4,1,0,50,2
6,0,4,1,1,16.6666666666667,6
6,0,4,1,2,66.6666666666667,3
6,0,4,1,3,0,5
6,0,4,1,4,66.6666666666667,3
6,0,4,2,1,28.5714285714286,7
6,0,4,2,2,20,5
6,0,4,2,3,50,2
6,0,4,2,4,0,1
6,0,4,3,0,0,1
6,0,4,3,1,33.3333333333333,3
6,0,4,3,2,50,2
6,0,4,3,3,100,1
6,0,4,3,4,100,1
6,0,4,4,3,0,1
6,1,0,0,0,23.6842105263158,38
6,1,0,0,1,31.9672131147541,122
6,1,0,0,2,26.0869565217391,46
6,1,0,0,3,37.1428571428571,35
6,1,0,0,4,35.2941176470588,17
6,1,0,1,0,0,9
6,1,0,1,1,37.2881355932203,59
6,1,0,1,2,38.8888888888889,18
6,1,0,1,3,51.1627906976744,43
6,1,0,1,4,50,6
6,1,0,2,0,42.8571428571429,7
6,1,0,2,1,39.1304347826087,46
6,1,0,2,2,40.7407407407407,27
6,1,0,2,3,48.1481481481482,27
6,1,0,2,4,57.1428571428571,7
6,1,0,3,0,33.3333333333333,3
6,1,0,3,1,47.9166666666667,48
6,1,0,3,2,61.5384615384615,26
6,1,0,3,3,60.7142857142857,28
6,1,0,3,4,62.5,8
6,1,0,4,0,50,2
6,1,0,4,1,40,20
6,1,0,4,2,62.5,8
6,1,0,4,3,54.1666666666667,24
6,1,0,4,4,84.6153846153846,13
6,1,1,0,0,15,20
6,1,1,0,1,22.972972972973,74
6,1,1,0,2,30.3030303030303,33
6,1,1,0,3,40,20
6,1,1,0,4,16.6666666666667,6
6,1,1,1,0,16.6666666666667,6
6,1,1,1,1,50,26
6,1,1,1,2,11.1111111111111,18
6,1,1,1,3,60,15
6,1,1,1,4,66.6666666666667,3
6,1,1,2,0,0,6
6,1,1,2,1,44,25
6,1,1,2,2,43.75,16
6,1,1,2,3,55,20
6,1,1,2,4,50,6
6,1,1,3,0,50,2
6,1,1,3,1,33.3333333333333,24
6,1,1,3,2,54.5454545454545,11
6,1,1,3,3,55.5555555555556,18
6,1,1,3,4,100,3
6,1,1,4,0,0,3
6,1,1,4,1,46.6666666666667,15
6,1,1,4,2,66.6666666666667,9
6,1,1,4,3,36.3636363636364,11
6,1,1,4,4,71.4285714285714,7
6,1,2,0,0,35.4838709677419,31
6,1,2,0,1,35.8778625954198,131
6,1,2,0,2,27.2727272727273,66
6,1,2,0,3,37.7358490566038,53
6,1,2,0,4,50,10
6,1,2,1,0,40,10
6,1,2,1,1,25.9259259259259,54
6,1,2,1,2,38.4615384615385,26
6,1,2,1,3,72.2222222222222,18
6,1,2,1,4,30,10
6,1,2,2,0,16.6666666666667,6
6,1,2,2,1,39.2156862745098,51
6,1,2,2,2,63.6363636363636,22
6,1,2,2,3,56,25
6,1,2,2,4,100,5
6,1,2,3,0,12.5,8
6,1,2,3,1,48.8372093023256,43
6,1,2,3,2,47.8260869565217,23
6,1,2,3,3,52.1739130434783,23
6,1,2,3,4,75,4
6,1,2,4,0,0,1
6,1,2,4,1,60,15
6,1,2,4,2,83.3333333333333,12
6,1,2,4,3,58.8235294117647,17
6,1,2,4,4,100,4
6,1,3,0,0,33.3333333333333,18
6,1,3,0,1,38.8235294117647,85
6,1,3,0,2,42.8571428571429,28
6,1,3,0,3,59.4594594594595,37
6,1,3,0,4,33.3333333333333,15
6,1,3,1,0,50,10
6,1,3,1,1,25,40
6,1,3,1,2,42.8571428571429,28
6,1,3,1,3,59.0909090909091,22
6,1,3,1,4,60,10
6,1,3,2,0,25,4
6,1,3,2,1,47.8260869565217,46
6,1,3,2,2,50,30
6,1,3,2,3,65.5172413793104,29
6,1,3,2,4,71.4285714285714,7
6,1,3,3,0,0,2
6,1,3,3,1,36.3636363636364,33
6,1,3,3,2,85,20
6,1,3,3,3,70.5882352941177,17
6,1,3,3,4,100,2
6,1,3,4,1,62.5,8
6,1,3,4,2,80,10
6,1,3,4,3,60,15
6,1,3,4,4,80,5
6,1,4,0,0,40,10
6,1,4,0,1,35.5555555555556,45
6,1,4,0,2,50,24
6,1,4,0,3,55.5555555555556,18
6,1,4,0,4,87.5,8
6,1,4,1,0,71.4285714285714,7
6,1,4,1,1,41.6666666666667,12
6,1,4,1,2,62.5,8
6,1,4,1,3,40,5
6,1,4,1,4,80,5
6,1,4,2,0,66.6666666666667,3
6,1,4,2,1,63.6363636363636,11
6,1,4,2,2,66.6666666666667,3
6,1,4,2,3,66.6666666666667,6
6,1,4,2,4,100,5
6,1,4,3,0,0,1
6,1,4,3,1,62.5,16
6,1,4,3,2,55.5555555555556,9
6,1,4,3,3,0,2
6,1,4,3,4,50,2
6,1,4,4,1,33.3333333333333,6
6,1,4,4,2,100,5
6,1,4,4,3,85.7142857142857,7
6,1,4,4,4,100,1
6,2,0,0,0,39.3939393939394,33
6,2,0,0,1,53.7313432835821,134
6,2,0,0,2,58.1081081081081,74
6,2,0,0,3,64.6153846153846,65
6,2,0,0,4,70.3703703703704,27
6,2,0,1,0,22.2222222222222,9
6,2,0,1,1,45.3333333333333,75
6,2,0,1,2,61.0169491525424,59
6,2,0,1,3,56.8627450980392,51
6,2,0,1,4,56.25,16
6,2,0,2,0,14.2857142857143,7
6,2,0,2,1,53.1645569620253,79
6,2,0,2,2,63.1578947368421,57
6,2,0,2,3,70,70
6,2,0,2,4,83.8709677419355,31
6,2,0,3,0,16.6666666666667,12
6,2,0,3,1,58.0645161290323,93
6,2,0,3,2,70.1492537313433,67
6,2,0,3,3,78.2608695652174,69
6,2,0,3,4,80,30
6,2,0,4,0,20,5
6,2,0,4,1,71.6417910447761,67
6,2,0,4,2,71.6417910447761,67
6,2,0,4,3,75.3846153846154,65
6,2,0,4,4,80.6451612903226,31
6,2,1,0,0,16.6666666666667,12
6,2,1,0,1,34.6153846153846,78
6,2,1,0,2,57.8947368421053,38
6,2,1,0,3,48.1481481481482,27
6,2,1,0,4,75,8
6,2,1,1,0,50,6
6,2,1,1,1,40,35
6,2,1,1,2,50,24
6,2,1,1,3,52.1739130434783,23
6,2,1,1,4,100,8
6,2,1,2,0,100,3
6,2,1,2,1,58.974358974359,39
6,2,1,2,2,70,30
6,2,1,2,3,68.9655172413793,29
6,2,1,2,4,100,9
6,2,1,3,0,0,1
6,2,1,3,1,51.3513513513514,37
6,2,1,3,2,56.6666666666667,30
6,2,1,3,3,79.0697674418605,43
6,2,1,3,4,91.6666666666667,12
6,2,1,4,1,68.5714285714286,35
6,2,1,4,2,75.6756756756757,37
6,2,1,4,3,89.3617021276596,47
6,2,1,4,4,81.8181818181818,11
6,2,2,0,0,25,20
6,2,2,0,1,42.4,125
6,2,2,0,2,60.3448275862069,58
6,2,2,0,3,62.962962962963,81
6,2,2,0,4,64.2857142857143,28
6,2,2,1,0,50,12
6,2,2,1,1,49.2537313432836,67
6,2,2,1,2,63.1578947368421,38
6,2,2,1,3,55.7692307692308,52
6,2,2,1,4,73.3333333333333,15
6,2,2,2,0,42.8571428571429,7
6,2,2,2,1,49.4252873563218,87
6,2,2,2,2,62.1212121212121,66
6,2,2,2,3,68.421052631579,57
6,2,2,2,4,90,20
6,2,2,3,0,20,5
6,2,2,3,1,69.3548387096774,62
6,2,2,3,2,67.5,40
6,2,2,3,3,71.2121212121212,66
6,2,2,3,4,80,20
6,2,2,4,0,33.3333333333333,3
6,2,2,4,1,68.421052631579,57
6,2,2,4,2,72.7272727272727,44
6,2,2,4,3,83.8709677419355,62
6,2,2,4,4,91.6666666666667,24
6,2,3,0,0,46.6666666666667,15
6,2,3,0,1,50,116
6,2,3,0,2,70,40
6,2,3,0,3,67.3076923076923,52
6,2,3,0,4,78.9473684210526,19
6,2,3,1,0,50,8
6,2,3,1,1,67.2413793103448,58
6,2,3,1,2,72.2222222222222,36
6,2,3,1,3,58.974358974359,39
6,2,3,1,4,80.952380952381,21
6,2,3,2,0,100,1
6,2,3,2,1,64.8648648648649,74
6,2,3,2,2,83.0188679245283,53
6,2,3,2,3,77.0833333333333,48
6,2,3,2,4,76.1904761904762,21
6,2,3,3,0,100,2
6,2,3,3,1,65.9090909090909,44
6,2,3,3,2,76.4705882352941,51
6,2,3,3,3,84.4827586206896,58
6,2,3,3,4,94.4444444444444,18
6,2,3,4,0,100,1
6,2,3,4,1,75,40
6,2,3,4,2,82.9268292682927,41
6,2,3,4,3,85.7142857142857,56
6,2,3,4,4,90,20
6,2,4,0,0,62.5,8
6,2,4,0,1,60,35
6,2,4,0,2,77.7777777777778,27
6,2,4,0,3,72.2222222222222,18
6,2,4,0,4,80,10
6,2,4,1,0,66.6666666666667,3
6,2,4,1,1,76.4705882352941,17
6,2,4,1,2,77.7777777777778,9
6,2,4,1,3,69.2307692307692,13
6,2,4,1,4,100,7
6,2,4,2,0,100,1
6,2,4,2,1,62.5,16
6,2,4,2,2,93.75,16
6,2,4,2,3,77.7777777777778,18
6,2,4,2,4,100,7
6,2,4,3,0,40,5
6,2,4,3,1,80,15
6,2,4,3,2,84.6153846153846,13
6,2,4,3,3,83.3333333333333,12
6,2,4,3,4,100,9
6,2,4,4,1,50,12
6,2,4,4,2,83.3333333333333,6
6,2,4,4,3,86.6666666666667,15
6,2,4,4,4,90,10
7,0,0,0,0,6.25,16
7,0,0,0,1,27.027027027027,37
7,0,0,0,2,16.6666666666667,12
7,0,0,0,3,45.4545454545455,11
7,0,0,0,4,0,5
7,0,0,1,0,33.3333333333333,3
7,0,0,1,1,22.2222222222222,18
7,0,0,1,2,40,5
7,0,0,1,3,55.5555555555556,9
7,0,0,1,4,50,2
7,0,0,2,0,25,4
7,0,0,2,1,20,10
7,0,0,2,2,75,4
7,0,0,2,3,20,5
7,0,0,2,4,100,1
7,0,0,3,0,0,1
7,0,0,3,1,20,5
7,0,0,3,2,0,1
7,0,0,3,3,33.3333333333333,3
7,0,0,3,4,0,1
7,0,0,4,1,0,1
7,0,0,4,2,0,4
7,0,0,4,3,100,2
7,0,1,0,0,0,6
7,0,1,0,1,17.3913043478261,23
7,0,1,0,2,12.5,8
7,0,1,0,3,33.3333333333333,6
7,0,1,1,1,40,5
7,0,1,1,2,100,1
7,0,1,1,3,25,4
7,0,1,2,0,0,4
7,0,1,2,1,28.5714285714286,7
7,0,1,2,2,100,1
7,0,1,2,3,100,1
7,0,1,3,1,33.3333333333333,3
7,0,1,3,2,100,1
7,0,1,3,3,100,1
7,0,1,3,4,0,1
7,0,1,4,0,0,1
7,0,1,4,1,0,1
7,0,1,4,2,100,1
7,0,1,4,3,33.3333333333333,3
7,0,2,0,0,5.55555555555556,18
7,0,2,0,1,20,35
7,0,2,0,2,23.5294117647059,17
7,0,2,0,3,36.3636363636364,11
7,0,2,0,4,33.3333333333333,3
7,0,2,1,0,40,5
7,0,2,1,1,13.6363636363636,22
7,0,2,1,2,25,4
7,0,2,1,3,33.3333333333333,6
7,0,2,1,4,100,1
7,0,2,2,0,0,4
7,0,2,2,1,11.1111111111111,9
7,0,2,2,2,66.6666666666667,3
7,0,2,2,3,66.6666666666667,3
7,0,2,3,0,0,3
7,0,2,3,1,20,5
7,0,2,3,2,50,2
7,0,2,3,3,100,4
7,0,2,4,0,0,1
7,0,2,4,1,50,2
7,0,2,4,2,0,1
7,0,2,4,3,0,3
7,0,3,0,0,27.7777777777778,18
7,0,3,0,1,28.9473684210526,38
7,0,3,0,2,0,5
7,0,3,0,3,38.4615384615385,13
7,0,3,0,4,0,1
7,0,3,1,0,0,6
7,0,3,1,1,28.5714285714286,14
7,0,3,1,2,20,5
7,0,3,1,3,14.2857142857143,7
7,0,3,1,4,50,2
7,0,3,2,0,57.1428571428571,7
7,0,3,2,1,46.6666666666667,15
7,0,3,2,2,33.3333333333333,3
7,0,3,2,3,66.6666666666667,6
7,0,3,2,4,0,1
7,0,3,3,1,33.3333333333333,3
7,0,3,3,2,50,2
7,0,3,3,3,33.3333333333333,3
7,0,3,3,4,100,1
7,0,3,4,1,0,1
7,0,3,4,2,33.3333333333333,3
7,0,4,0,0,11.1111111111111,18
7,0,4,0,1,23.3333333333333,30
7,0,4,0,2,45.4545454545455,11
7,0,4,0,3,50,14
7,0,4,0,4,33.3333333333333,3
7,0,4,1,0,28.5714285714286,7
7,0,4,1,1,14.2857142857143,7
7,0,4,1,2,100,1
7,0,4,1,3,66.6666666666667,3
7,0,4,1,4,100,3
7,0,4,2,0,50,2
7,0,4,2,1,27.2727272727273,11
7,0,4,2,2,0,2
7,0,4,2,3,60,5
7,0,4,2,4,50,2
7,0,4,3,0,0,1
7,0,4,3,1,50,4
7,0,4,3,2,25,4
7,0,4,4,1,0,1
7,0,4,4,2,0,1
7,0,4,4,3,100,2
7,1,0,0,0,31.25,48
7,1,0,0,1,29.8850574712644,87
7,1,0,0,2,53.125,32
7,1,0,0,3,45.7142857142857,35
7,1,0,0,4,58.3333333333333,12
7,1,0,1,0,28.5714285714286,7
7,1,0,1,1,47.3684210526316,57
7,1,0,1,2,50,12
7,1,0,1,3,59.2592592592593,27
7,1,0,1,4,70,10
7,1,0,2,0,40,10
7,1,0,2,1,66.6666666666667,30
7,1,0,2,2,50,14
7,1,0,2,3,50,16
7,1,0,2,4,66.6666666666667,6
7,1,0,3,0,37.5,8
7,1,0,3,1,15.3846153846154,13
7,1,0,3,2,71.4285714285714,7
7,1,0,3,3,42.8571428571429,14
7,1,0,3,4,100,4
7,1,0,4,0,75,4
7,1,0,4,1,41.6666666666667,12
7,1,0,4,2,66.6666666666667,12
7,1,0,4,3,50,4
7,1,0,4,4,100,5
7,1,1,0,0,23.0769230769231,13
7,1,1,0,1,25.8620689655172,58
7,1,1,0,2,42.8571428571429,21
7,1,1,0,3,66.6666666666667,18
7,1,1,0,4,100,2
7,1,1,1,0,0,1
7,1,1,1,1,55.1724137931034,29
7,1,1,1,2,50,12
7,1,1,1,3,36.8421052631579,19
7,1,1,1,4,0,1
7,1,1,2,0,33.3333333333333,3
7,1,1,2,1,33.3333333333333,21
7,1,1,2,2,47.0588235294118,17
7,1,1,2,3,46.6666666666667,15
7,1,1,2,4,50,2
7,1,1,3,0,0,1
7,1,1,3,1,28.5714285714286,7
7,1,1,3,2,50,2
7,1,1,3,3,37.5,8
7,1,1,3,4,100,3
7,1,1,4,0,0,2
7,1,1,4,1,50,2
7,1,1,4,2,20,5
7,1,1,4,3,50,6
7,1,1,4,4,100,2
7,1,2,0,0,18.1818181818182,33
7,1,2,0,1,20.3703703703704,108
7,1,2,0,2,36,50
7,1,2,0,3,44.4444444444444,54
7,1,2,0,4,54.5454545454545,11
7,1,2,1,0,21.0526315789474,19
7,1,2,1,1,32.8125,64
7,1,2,1,2,54.5454545454545,33
7,1,2,1,3,68.9655172413793,29
7,1,2,1,4,50,6
7,1,2,2,0,16.6666666666667,6
7,1,2,2,1,40.5405405405405,37
7,1,2,2,2,48.1481481481482,27
7,1,2,2,3,64.7058823529412,17
7,1,2,2,4,100,2
7,1,2,3,0,0,2
7,1,2,3,1,35,20
7,1,2,3,2,30,20
7,1,2,3,3,54.5454545454545,22
7,1,2,3,4,100,3
7,1,2,4,0,0,2
7,1,2,4,1,60,10
7,1,2,4,2,80,5
7,1,2,4,3,75,8
7,1,2,4,4,100,2
7,1,3,0,0,20,25
7,1,3,0,1,38.2716049382716,81
7,1,3,0,2,34.1463414634146,41
7,1,3,0,3,46.4285714285714,28
7,1,3,0,4,54.5454545454545,11
7,1,3,1,0,18.1818181818182,11
7,1,3,1,1,27.7777777777778,54
7,1,3,1,2,48.1481481481482,27
7,1,3,1,3,65,20
7,1,3,1,4,63.6363636363636,11
7,1,3,2,0,20,5
7,1,3,2,1,52.1739130434783,46
7,1,3,2,2,42.8571428571429,21
7,1,3,2,3,78.5714285714286,14
7,1,3,2,4,66.6666666666667,6
7,1,3,3,0,0,1
7,1,3,3,1,33.3333333333333,12
7,1,3,3,2,63.6363636363636,11
7,1,3,3,3,66.6666666666667,15
7,1,3,3,4,100,4
7,1,3,4,0,50,2
7,1,3,4,1,50,2
7,1,3,4,2,66.6666666666667,3
7,1,3,4,3,50,4
7,1,3,4,4,50,2
7,1,4,0,0,25,28
7,1,4,0,1,50,40
7,1,4,0,2,44.4444444444444,18
7,1,4,0,3,31.25,16
7,1,4,0,4,50,8
7,1,4,1,0,37.5,8
7,1,4,1,1,40.7407407407407,27
7,1,4,1,2,71.4285714285714,7
7,1,4,1,3,71.4285714285714,7
7,1,4,1,4,50,2
7,1,4,2,0,0,2
7,1,4,2,1,43.75,16
7,1,4,2,2,66.6666666666667,6
7,1,4,2,3,85.7142857142857,7
7,1,4,2,4,100,2
7,1,4,3,0,50,2
7,1,4,3,1,50,6
7,1,4,3,2,100,2
7,1,4,3,3,57.1428571428571,7
7,1,4,4,0,0,1
7,1,4,4,1,100,2
7,1,4,4,2,100,1
7,1,4,4,3,100,4
7,1,4,4,4,66.6666666666667,3
7,2,0,0,0,33.3333333333333,12
7,2,0,0,1,61.25,80
7,2,0,0,2,54.7619047619048,42
7,2,0,0,3,81.25,48
7,2,0,0,4,69.2307692307692,13
7,2,0,1,0,0,5
7,2,0,1,1,72,50
7,2,0,1,2,58.6206896551724,29
7,2,0,1,3,75.7575757575758,33
7,2,0,1,4,66.6666666666667,9
7,2,0,2,0,50,14
7,2,0,2,1,71.4285714285714,49
7,2,0,2,2,71.0526315789474,38
7,2,0,2,3,70.7317073170732,41
7,2,0,2,4,85.7142857142857,14
7,2,0,3,0,100,3
7,2,0,3,1,61.5384615384615,26
7,2,0,3,2,80.7692307692308,26
7,2,0,3,3,65.7142857142857,35
7,2,0,3,4,82.3529411764706,17
7,2,0,4,0,100,1
7,2,0,4,1,92.8571428571429,14
7,2,0,4,2,75,16
7,2,0,4,3,89.6551724137931,29
7,2,0,4,4,42.8571428571429,7
7,2,1,0,0,50,4
7,2,1,0,1,76.6666666666667,30
7,2,1,0,2,52.1739130434783,23
7,2,1,0,3,58.6206896551724,29
7,2,1,0,4,50,6
7,2,1,1,0,50,6
7,2,1,1,1,65.625,32
7,2,1,1,2,55.5555555555556,18
7,2,1,1,3,61.5384615384615,26
7,2,1,1,4,0,4
7,2,1,2,0,0,3
7,2,1,2,1,54.1666666666667,24
7,2,1,2,2,78.9473684210526,19
7,2,1,2,3,88.2352941176471,17
7,2,1,2,4,85.7142857142857,7
7,2,1,3,1,64,25
7,2,1,3,2,64.2857142857143,14
7,2,1,3,3,73.9130434782609,23
7,2,1,3,4,66.6666666666667,6
7,2,1,4,0,100,1
7,2,1,4,1,70,10
7,2,1,4,2,100,9
7,2,1,4,3,72.7272727272727,11
7,2,1,4,4,100,3
7,2,2,0,0,33.3333333333333,15
7,2,2,0,1,50.5154639175258,97
7,2,2,0,2,65.1162790697674,43
7,2,2,0,3,73.2142857142857,56
7,2,2,0,4,80,20
7,2,2,1,0,28.5714285714286,7
7,2,2,1,1,65.4545454545455,55
7,2,2,1,2,62.8571428571429,35
7,2,2,1,3,82.051282051282,39
7,2,2,1,4,86.6666666666667,15
7,2,2,2,0,50,2
7,2,2,2,1,67.5,40
7,2,2,2,2,57.1428571428571,35
7,2,2,2,3,78.5714285714286,42
7,2,2,2,4,80,10
7,2,2,3,0,100,3
7,2,2,3,1,70,30
7,2,2,3,2,85.7142857142857,21
7,2,2,3,3,77.4193548387097,31
7,2,2,3,4,80,5
7,2,2,4,0,100,2
7,2,2,4,1,81.25,16
7,2,2,4,2,72.2222222222222,18
7,2,2,4,3,100,17
7,2,2,4,4,88.8888888888889,9
7,2,3,0,0,36.3636363636364,11
7,2,3,0,1,54.2168674698795,83
7,2,3,0,2,60,30
7,2,3,0,3,68.8888888888889,45
7,2,3,0,4,81.8181818181818,11
7,2,3,1,0,75,4
7,2,3,1,1,66.6666666666667,42
7,2,3,1,2,72.972972972973,37
7,2,3,1,3,82.051282051282,39
7,2,3,1,4,93.1034482758621,29
7,2,3,2,0,50,2
7,2,3,2,1,71.1111111111111,45
7,2,3,2,2,85,20
7,2,3,2,3,90,40
7,2,3,2,4,83.3333333333333,12
7,2,3,3,1,75,24
7,2,3,3,2,83.3333333333333,18
7,2,3,3,3,100,21
7,2,3,3,4,66.6666666666667,18
7,2,3,4,1,66.6666666666667,6
7,2,3,4,2,91.6666666666667,12
7,2,3,4,3,94.7368421052632,19
7,2,3,4,4,100,5
7,2,4,0,0,71.4285714285714,7
7,2,4,0,1,65.7894736842105,38
7,2,4,0,2,64.7058823529412,17
7,2,4,0,3,75.8620689655172,29
7,2,4,0,4,100,10
7,2,4,1,0,50,4
7,2,4,1,1,90.9090909090909,22
7,2,4,1,2,87.5,8
7,2,4,1,3,75,12
7,2,4,1,4,80,5
7,2,4,2,1,88.8888888888889,9
7,2,4,2,2,83.3333333333333,6
7,2,4,2,3,69.2307692307692,13
7,2,4,2,4,75,4
7,2,4,3,0,0,1
7,2,4,3,1,66.6666666666667,3
7,2,4,3,2,100,7
7,2,4,3,3,85.7142857142857,7
7,2,4,3,4,100,5
7,2,4,4,1,100,3
7,2,4,4,2,100,4
7,2,4,4,3,100,5
7,2,4,4,4,100,5
8,0,0,0,0,29.4117647058824,17
8,0,0,0,1,14.6341463414634,41
8,0,0,0,2,0,11
8,0,0,0,3,40,10
8,0,0,0,4,66.6666666666667,3
8,0,0,1,0,0,3
8,0,0,1,1,20,10
8,0,0,1,2,30,10
8,0,0,1,3,20,5
8,0,0,1,4,0,1
8,0,0,2,0,0,2
8,0,0,2,1,33.3333333333333,6
8,0,0,2,2,0,1
8,0,0,3,1,40,5
8,0,0,3,2,0,1
8,0,0,3,3,0,2
8,0,0,3,4,100,2
8,0,0,4,0,0,1
8,0,0,4,1,0,1
8,0,0,4,3,100,1
8,0,1,0,0,12.5,8
8,0,1,0,1,21.0526315789474,19
8,0,1,0,2,50,8
8,0,1,0,3,25,8
8,0,1,1,0,0,1
8,0,1,1,1,8.33333333333333,12
8,0,1,1,2,25,4
8,0,1,1,3,0,4
8,0,1,1,4,50,2
8,0,1,2,0,0,2
8,0,1,2,1,0,2
8,0,1,2,2,0,1
8,0,1,3,0,0,2
8,0,1,3,1,50,2
8,0,1,3,2,100,1
8,0,1,4,0,0,1
8,0,2,0,0,5,20
8,0,2,0,1,18.75,48
8,0,2,0,2,21.4285714285714,14
8,0,2,0,3,35.7142857142857,14
8,0,2,0,4,16.6666666666667,6
8,0,2,1,0,0,7
8,0,2,1,1,18.1818181818182,11
8,0,2,1,2,28.5714285714286,7
8,0,2,1,3,50,4
8,0,2,1,4,66.6666666666667,3
8,0,2,2,0,25,4
8,0,2,2,1,0,3
8,0,2,2,2,0,1
8,0,2,2,3,85.7142857142857,7
8,0,2,2,4,100,1
8,0,2,3,0,0,1
8,0,2,3,1,20,5
8,0,2,3,2,66.6666666666667,3
8,0,2,3,3,50,2
8,0,2,4,0,0,1
8,0,2,4,1,0,2
8,0,2,4,2,50,4
8,0,2,4,3,0,1
8,0,3,0,0,7.69230769230769,26
8,0,3,0,1,21.5686274509804,51
8,0,3,0,2,18.75,16
8,0,3,0,3,20,20
8,0,3,0,4,33.3333333333333,6
8,0,3,1,0,0,4
8,0,3,1,1,19.047619047619,21
8,0,3,1,2,0,3
8,0,3,1,3,57.1428571428571,7
8,0,3,1,4,0,1
8,0,3,2,0,0,3
8,0,3,2,1,8.33333333333333,12
8,0,3,2,2,100,2
8,0,3,2,3,40,5
8,0,3,2,4,50,2
8,0,3,3,0,0,1
8,0,3,3,1,0,1
8,0,3,3,3,100,2
8,0,3,4,0,0,1
8,0,3,4,1,0,1
8,0,3,4,2,0,1
8,0,4,0,0,25,20
8,0,4,0,1,15,40
8,0,4,0,2,45.4545454545455,11
8,0,4,0,3,63.6363636363636,11
8,0,4,0,4,16.6666666666667,6
8,0,4,1,0,0,8
8,0,4,1,1,30.7692307692308,13
8,0,4,1,2,75,4
8,0,4,1,3,60,5
8,0,4,1,4,50,2
8,0,4,2,0,0,1
8,0,4,2,1,0,3
8,0,4,2,3,25,4
8,0,4,2,4,100,1
8,0,4,3,1,100,1
8,0,4,3,2,100,1
8,0,4,3,3,100,1
8,0,4,4,1,100,1
8,0,4,4,3,0,1
8,1,0,0,0,33.3333333333333,24
8,1,0,0,1,33.3333333333333,60
8,1,0,0,2,50,26
8,1,0,0,3,52.3809523809524,21
8,1,0,0,4,70,10
8,1,0,1,0,0,6
8,1,0,1,1,46.6666666666667,30
8,1,0,1,2,12.5,8
8,1,0,1,3,65,20
8,1,0,1,4,33.3333333333333,3
8,1,0,2,0,16.6666666666667,6
8,1,0,2,1,45.4545454545455,11
8,1,0,2,2,77.7777777777778,9
8,1,0,2,3,73.3333333333333,15
8,1,0,2,4,100,2
8,1,0,3,0,50,2
8,1,0,3,1,40,10
8,1,0,3,2,100,3
8,1,0,3,3,66.6666666666667,6
8,1,0,3,4,100,3
8,1,0,4,1,40,5
8,1,0,4,3,100,3
8,1,0,4,4,100,1
8,1,1,0,0,14.2857142857143,7
8,1,1,0,1,27.027027027027,37
8,1,1,0,2,38.0952380952381,21
8,1,1,0,3,36,25
8,1,1,0,4,33.3333333333333,3
8,1,1,1,0,50,2
8,1,1,1,1,29.4117647058824,17
8,1,1,1,2,44.4444444444444,9
8,1,1,1,3,70,10
8,1,1,1,4,100,1
8,1,1,2,0,100,1
8,1,1,2,1,60,5
8,1,1,2,2,25,4
8,1,1,2,3,40,5
8,1,1,2,4,100,4
8,1,1,3,1,0,4
8,1,1,3,3,50,2
8,1,1,4,1,100,1
8,1,1,4,3,100,1
8,1,1,4,4,100,1
8,1,2,0,0,16,25
8,1,2,0,1,41.5730337078652,89
8,1,2,0,2,29.2682926829268,41
8,1,2,0,3,50,36
8,1,2,0,4,64.7058823529412,17
8,1,2,1,0,0,7
8,1,2,1,1,41.1764705882353,51
8,1,2,1,2,52.6315789473684,19
8,1,2,1,3,64.7058823529412,17
8,1,2,1,4,0,1
8,1,2,2,0,0,2
8,1,2,2,1,55.5555555555556,18
8,1,2,2,2,66.6666666666667,9
8,1,2,2,3,50,18
8,1,2,2,4,80,5
8,1,2,3,0,66.6666666666667,3
8,1,2,3,1,57.1428571428571,7
8,1,2,3,2,28.5714285714286,7
8,1,2,3,3,50,6
8,1,2,3,4,75,4
8,1,2,4,1,0,4
8,1,2,4,2,100,1
8,1,2,4,3,40,5
8,1,3,0,0,21.7391304347826,23
8,1,3,0,1,31.7647058823529,85
8,1,3,0,2,43.2432432432432,37
8,1,3,0,3,88.8888888888889,27
8,1,3,0,4,72.2222222222222,18
8,1,3,1,0,12.5,8
8,1,3,1,1,49.0196078431373,51
8,1,3,1,2,52.1739130434783,23
8,1,3,1,3,70,20
8,1,3,1,4,100,5
8,1,3,2,0,100,4
8,1,3,2,1,42.1052631578947,19
8,1,3,2,2,44.4444444444444,9
8,1,3,2,3,91.6666666666667,12
8,1,3,2,4,66.6666666666667,3
8,1,3,3,0,66.6666666666667,3
8,1,3,3,1,46.1538461538462,13
8,1,3,3,2,80,5
8,1,3,3,3,80,5
8,1,3,3,4,75,4
8,1,3,4,1,66.6666666666667,3
8,1,3,4,2,100,1
8,1,3,4,3,100,2
8,1,4,0,0,38.4615384615385,26
8,1,4,0,1,45.7627118644068,59
8,1,4,0,2,45.8333333333333,24
8,1,4,0,3,61.1111111111111,18
8,1,4,0,4,94.4444444444444,18
8,1,4,1,0,33.3333333333333,6
8,1,4,1,1,57.6923076923077,26
8,1,4,1,2,62.5,8
8,1,4,1,3,87.5,8
8,1,4,1,4,71.4285714285714,7
8,1,4,2,0,0,2
8,1,4,2,1,70,10
8,1,4,2,2,40,5
8,1,4,2,3,75,4
8,1,4,2,4,66.6666666666667,3
8,1,4,3,0,0,1
8,1,4,3,1,33.3333333333333,3
8,1,4,3,3,100,2
8,1,4,4,1,33.3333333333333,3
8,1,4,4,2,100,1
8,1,4,4,4,100,1
8,2,0,0,0,55.5555555555556,18
8,2,0,0,1,68,25
8,2,0,0,2,62.962962962963,27
8,2,0,0,3,71.4285714285714,21
8,2,0,0,4,77.7777777777778,9
8,2,0,1,0,0,3
8,2,0,1,1,53.5714285714286,28
8,2,0,1,2,73.3333333333333,15
8,2,0,1,3,92.8571428571429,14
8,2,0,1,4,80,5
8,2,0,2,1,81.25,16
8,2,0,2,2,60,10
8,2,0,2,3,93.75,16
8,2,0,2,4,75,8
8,2,0,3,0,100,2
8,2,0,3,1,64.7058823529412,17
8,2,0,3,2,77.7777777777778,9
8,2,0,3,3,71.4285714285714,14
8,2,0,3,4,100,8
8,2,0,4,1,80,5
8,2,0,4,2,100,4
8,2,0,4,3,100,4
8,2,0,4,4,50,2
8,2,1,0,0,0,1
8,2,1,0,1,62.5,24
8,2,1,0,2,52.9411764705882,17
8,2,1,0,3,56.25,16
8,2,1,0,4,100,3
8,2,1,1,0,100,1
8,2,1,1,1,62.5,8
8,2,1,1,2,44.4444444444444,9
8,2,1,1,3,75,8
8,2,1,1,4,71.4285714285714,7
8,2,1,2,0,50,2
8,2,1,2,1,75,8
8,2,1,2,2,100,2
8,2,1,2,3,100,9
8,2,1,2,4,100,2
8,2,1,3,1,50,2
8,2,1,3,2,83.3333333333333,6
8,2,1,3,3,83.3333333333333,6
8,2,1,3,4,100,3
8,2,1,4,1,0,1
8,2,1,4,3,50,2
8,2,2,0,0,14.2857142857143,7
8,2,2,0,1,70.5882352941177,51
8,2,2,0,2,39.1304347826087,23
8,2,2,0,3,66.6666666666667,27
8,2,2,0,4,100,6
8,2,2,1,0,33.3333333333333,3
8,2,2,1,1,51.4285714285714,35
8,2,2,1,2,58.3333333333333,12
8,2,2,1,3,87.5,24
8,2,2,1,4,70,10
8,2,2,2,0,25,4
8,2,2,2,1,52.6315789473684,19
8,2,2,2,2,68.75,16
8,2,2,2,3,84.6153846153846,13
8,2,2,2,4,80,5
8,2,2,3,1,66.6666666666667,9
8,2,2,3,2,62.5,8
8,2,2,3,3,72.7272727272727,11
8,2,2,3,4,50,4
8,2,2,4,1,80,5
8,2,2,4,2,50,4
8,2,2,4,3,60,5
8,2,2,4,4,100,2
8,2,3,0,0,50,4
8,2,3,0,1,61.5384615384615,52
8,2,3,0,2,68.421052631579,19
8,2,3,0,3,75.6756756756757,37
8,2,3,0,4,76.9230769230769,13
8,2,3,1,0,80,5
8,2,3,1,1,68.1818181818182,22
8,2,3,1,2,76.9230769230769,13
8,2,3,1,3,85.7142857142857,21
8,2,3,1,4,100,3
8,2,3,2,0,100,1
8,2,3,2,1,80,15
8,2,3,2,2,66.6666666666667,12
8,2,3,2,3,80,15
8,2,3,2,4,100,3
8,2,3,3,1,53.8461538461539,13
8,2,3,3,2,80,5
8,2,3,3,3,100,9
8,2,3,3,4,100,6
8,2,3,4,1,100,7
8,2,3,4,2,88.8888888888889,9
8,2,3,4,3,66.6666666666667,3
8,2,3,4,4,100,5
8,2,4,0,0,78.5714285714286,14
8,2,4,0,1,72.7272727272727,22
8,2,4,0,2,86.6666666666667,15
8,2,4,0,3,78.5714285714286,14
8,2,4,0,4,100,5
8,2,4,1,0,100,1
8,2,4,1,1,42.8571428571429,7
8,2,4,1,2,57.1428571428571,7
8,2,4,1,3,100,11
8,2,4,1,4,100,6
8,2,4,2,0,100,2
8,2,4,2,1,90,10
8,2,4,2,2,100,5
8,2,4,2,3,87.5,8
8,2,4,2,4,100,4
8,2,4,3,0,0,1
8,2,4,3,3,100,5
8,2,4,3,4,100,1
8,2,4,4,1,66.6666666666667,3
8,2,4,4,2,100,1
8,2,4,4,3,100,2
8,2,4,4,4,50,2
9,0,0,0,0,0,5
9,0,0,0,1,20,5
9,0,0,0,2,0,1
9,0,0,0,3,25,4
9,0,0,0,4,0,1
9,0,0,1,0,0,2
9,0,0,1,1,66.6666666666667,6
9,0,0,1,2,50,2
9,0,0,1,3,100,1
9,0,0,3,1,50,2
9,0,0,4,4,100,1
9,0,1,0,0,0,4
9,0,1,0,1,50,2
9,0,1,0,2,50,2
9,0,1,0,3,100,1
9,0,1,1,1,0,1
9,0,1,2,1,100,1
9,0,1,4,3,100,1
9,0,2,0,0,0,1
9,0,2,0,1,23.0769230769231,13
9,0,2,0,2,0,1
9,0,2,0,3,80,5
9,0,2,0,4,100,1
9,0,2,1,0,0,1
9,0,2,1,1,50,4
9,0,2,1,2,100,2
9,0,2,1,3,100,1
9,0,2,2,3,100,1
9,0,2,3,2,0,1
9,0,2,4,1,0,2
9,0,3,0,0,0,2
9,0,3,0,1,23.0769230769231,13
9,0,3,0,2,0,1
9,0,3,1,1,0,1
9,0,3,1,2,100,1
9,0,3,2,1,0,2
9,0,3,2,3,0,1
9,0,4,0,0,20,10
9,0,4,0,1,16.6666666666667,12
9,0,4,0,2,50,2
9,0,4,0,3,66.6666666666667,3
9,0,4,0,4,100,1
9,0,4,1,0,0,1
9,0,4,1,1,0,2
9,0,4,1,2,100,1
9,0,4,1,3,0,1
9,0,4,2,0,0,2
9,0,4,2,1,0,3
9,0,4,3,3,100,1
9,1,0,0,0,12.5,8
9,1,0,0,1,53.8461538461539,13
9,1,0,0,2,14.2857142857143,7
9,1,0,0,3,75,4
9,1,0,0,4,50,2
9,1,0,1,0,25,4
9,1,0,1,1,33.3333333333333,3
9,1,0,1,2,66.6666666666667,3
9,1,0,1,3,0,1
9,1,0,1,4,50,2
9,1,0,2,1,33.3333333333333,3
9,1,0,2,2,0,1
9,1,0,2,3,0,1
9,1,0,2,4,100,1
9,1,0,3,0,0,2
9,1,0,3,1,100,1
9,1,0,3,2,50,2
9,1,0,3,3,50,2
9,1,1,0,0,50,2
9,1,1,0,1,50,4
9,1,1,0,2,66.6666666666667,3
9,1,1,0,3,60,5
9,1,1,1,1,0,3
9,1,1,1,2,50,2
9,1,1,1,4,0,1
9,1,1,2,1,0,1
9,1,1,2,3,0,1
9,1,1,3,1,100,1
9,1,1,3,2,100,1
9,1,1,4,3,100,1
9,1,2,0,0,33.3333333333333,3
9,1,2,0,1,47.3684210526316,19
9,1,2,0,2,81.8181818181818,11
9,1,2,0,3,33.3333333333333,3
9,1,2,0,4,75,4
9,1,2,1,0,100,1
9,1,2,1,1,42.8571428571429,7
9,1,2,1,2,100,1
9,1,2,1,3,50,2
9,1,2,2,1,0,1
9,1,2,2,4,50,2
9,1,2,3,1,50,2
9,1,2,3,2,100,1
9,1,2,3,3,100,1
9,1,2,4,0,0,1
9,1,2,4,4,100,1
9,1,3,0,0,0,4
9,1,3,0,1,62.5,16
9,1,3,0,2,25,12
9,1,3,0,3,55.5555555555556,9
9,1,3,0,4,100,3
9,1,3,1,0,100,1
9,1,3,1,1,42.8571428571429,7
9,1,3,1,2,50,2
9,1,3,1,3,100,3
9,1,3,1,4,100,1
9,1,3,2,0,100,1
9,1,3,2,1,0,3
9,1,3,2,3,100,2
9,1,3,2,4,100,1
9,1,3,3,1,0,1
9,1,3,3,2,0,1
9,1,3,3,3,100,1
9,1,3,3,4,100,1
9,1,4,0,0,85.7142857142857,7
9,1,4,0,1,25,8
9,1,4,0,2,33.3333333333333,3
9,1,4,0,3,71.4285714285714,7
9,1,4,0,4,33.3333333333333,3
9,1,4,1,0,50,2
9,1,4,1,1,83.3333333333333,6
9,1,4,1,2,100,1
9,1,4,1,3,100,2
9,1,4,1,4,100,1
9,1,4,2,1,0,1
9,1,4,2,2,100,1
9,1,4,3,0,0,1
9,1,4,3,1,100,1
9,1,4,3,3,100,1
9,1,4,4,1,100,2
9,2,0,0,0,100,1
9,2,0,0,1,90,10
9,2,0,0,2,100,6
9,2,0,0,3,75,4
9,2,0,0,4,100,5
9,2,0,1,1,0,2
9,2,0,1,2,100,1
9,2,0,1,3,100,3
9,2,0,1,4,100,1
9,2,0,2,0,0,1
9,2,0,2,2,0,1
9,2,0,2,3,100,1
9,2,0,3,1,0,1
9,2,0,4,2,100,1
9,2,1,0,0,0,1
9,2,1,0,1,40,5
9,2,1,0,2,0,1
9,2,1,0,3,33.3333333333333,3
9,2,1,0,4,0,2
9,2,1,1,0,100,1
9,2,1,1,1,100,3
9,2,1,1,3,100,1
9,2,1,2,1,100,1
9,2,1,2,3,100,1
9,2,1,2,4,100,1
9,2,1,3,0,0,1
9,2,1,3,3,0,1
9,2,2,0,0,0,3
9,2,2,0,1,59.0909090909091,22
9,2,2,0,2,100,5
9,2,2,0,3,100,2
9,2,2,0,4,50,2
9,2,2,1,1,50,4
9,2,2,1,2,0,1
9,2,2,1,3,83.3333333333333,6
9,2,2,1,4,100,2
9,2,2,2,1,33.3333333333333,3
9,2,2,2,2,66.6666666666667,3
9,2,2,2,3,100,1
9,2,2,2,4,100,1
9,2,2,3,3,50,4
9,2,2,3,4,100,1
9,2,2,4,2,100,1
9,2,2,4,3,50,2
9,2,3,0,1,70,10
9,2,3,0,2,83.3333333333333,6
9,2,3,0,3,100,3
9,2,3,0,4,100,3
9,2,3,1,0,100,2
9,2,3,1,1,50,4
9,2,3,1,2,100,4
9,2,3,1,4,100,2
9,2,3,2,0,0,1
9,2,3,2,1,0,1
9,2,3,2,2,100,2
9,2,3,2,3,100,1
9,2,3,2,4,100,1
9,2,3,4,2,100,1
9,2,4,0,0,100,1
9,2,4,0,1,28.5714285714286,7
9,2,4,0,2,100,5
9,2,4,0,3,100,3
9,2,4,0,4,100,3
9,2,4,1,0,100,1
9,2,4,1,1,50,2
9,2,4,1,3,66.6666666666667,3
9,2,4,2,0,100,2
9,2,4,2,1,0,2
9,2,4,2,2,100,1
9,2,4,2,3,100,3
9,2,4,2,4,100,1
9,2,4,3,1,100,1
9,2,4,3,4,100,1
9,2,4,4,4,100,1
10,0,0,0,1,100,1
10,0,0,1,0,0,1
10,0,3,0,0,0,1
10,0,3,0,1,0,1
10,0,4,0,4,100,1
10,1,0,0,2,100,1
10,1,1,0,3,100,1
10,1,2,0,2,100,1
10,1,2,4,1,100,1
10,1,3,0,1,50,2
10,1,3,0,3,0,1
10,1,4,0,1,100,2
10,2,0,0,0,100,1
10,2,0,0,1,100,1
10,2,0,0,3,0,1
10,2,0,1,2,100,1
10,2,1,0,1,0,1
10,2,3,0,0,100,1
10,2,3,0,1,50,2
10,2,3,0,2,100,1
10,2,3,0,3,0,1
11,2,2,1,3,100,1
